[2026-08-02 20:44:03,939] [INFO] [real_accelerator.py:222:get_accelerator] Setting ds_accelerator to cuda (auto detect)
[2026-08-02 20:44:06,811] [WARNING] [runner.py:215:fetch_hostfile] Unable to find hostfile, will proceed with training with local resources only.
[2026-08-02 20:44:06,811] [INFO] [runner.py:607:main] cmd = /root/autodl-tmp/.conda-stuff/envs/wqlc/bin/python3.10 -u -m deepspeed.launcher.launch --world_info=eyJsb2NhbGhvc3QiOiBbMF19 --master_addr=127.0.0.1 --master_port=29571 --enable_each_rank_log=None vtimellm/train/train_mem.py --deepspeed ./scripts/zero3.json --model_name_or_path ./base_model/vicuna-v1-5-7b --version plain --data_path ./b4dl_dataset/stage1_train.json --feat_folder ../encoders/lidarclip/b4dl/stage1_features --tune_mm_mlp_adapter True --output_dir ./checkpoints/vtimellm-vicuna-v1-5-7b-stage1 --bf16 True --num_train_epochs 1 --per_device_train_batch_size 16 --gradient_accumulation_steps 8 --evaluation_strategy no --save_strategy steps --save_steps 200 --save_total_limit 1 --learning_rate 1e-3 --weight_decay 0. --warmup_ratio 0.03 --lr_scheduler_type cosine --logging_steps 1 --tf32 True --model_max_length 2048 --gradient_checkpointing True --dataloader_num_workers 4 --lazy_preprocess True --report_to none
[2026-08-02 20:44:08,115] [INFO] [real_accelerator.py:222:get_accelerator] Setting ds_accelerator to cuda (auto detect)
[2026-08-02 20:44:10,366] [INFO] [launch.py:146:main] WORLD INFO DICT: {'localhost': [0]}
[2026-08-02 20:44:10,366] [INFO] [launch.py:152:main] nnodes=1, num_local_procs=1, node_rank=0
[2026-08-02 20:44:10,366] [INFO] [launch.py:163:main] global_rank_mapping=defaultdict(<class 'list'>, {'localhost': [0]})
[2026-08-02 20:44:10,366] [INFO] [launch.py:164:main] dist_world_size=1
[2026-08-02 20:44:10,366] [INFO] [launch.py:168:main] Setting CUDA_VISIBLE_DEVICES=0
[2026-08-02 20:44:10,367] [INFO] [launch.py:256:main] process 46226 spawned with command: ['/root/autodl-tmp/.conda-stuff/envs/wqlc/bin/python3.10', '-u', 'vtimellm/train/train_mem.py', '--local_rank=0', '--deepspeed', './scripts/zero3.json', '--model_name_or_path', './base_model/vicuna-v1-5-7b', '--version', 'plain', '--data_path', './b4dl_dataset/stage1_train.json', '--feat_folder', '../encoders/lidarclip/b4dl/stage1_features', '--tune_mm_mlp_adapter', 'True', '--output_dir', './checkpoints/vtimellm-vicuna-v1-5-7b-stage1', '--bf16', 'True', '--num_train_epochs', '1', '--per_device_train_batch_size', '16', '--gradient_accumulation_steps', '8', '--evaluation_strategy', 'no', '--save_strategy', 'steps', '--save_steps', '200', '--save_total_limit', '1', '--learning_rate', '1e-3', '--weight_decay', '0.', '--warmup_ratio', '0.03', '--lr_scheduler_type', 'cosine', '--logging_steps', '1', '--tf32', 'True', '--model_max_length', '2048', '--gradient_checkpointing', 'True', '--dataloader_num_workers', '4', '--lazy_preprocess', 'True', '--report_to', 'none']
/root/autodl-tmp/wql/mmb4dl/mllm/vtimellm/train/../..
[2026-08-02 20:44:13,223] [INFO] [real_accelerator.py:222:get_accelerator] Setting ds_accelerator to cuda (auto detect)
[2026-08-02 20:44:14,162] [INFO] [comm.py:658:init_distributed] cdb=None
[2026-08-02 20:44:14,163] [INFO] [comm.py:689:init_distributed] Initializing TorchBackend in DeepSpeed with backend nccl
[2026-08-02 20:44:14,412] [INFO] [config.py:734:__init__] Config mesh_device None world_size = 1
[2026-08-02 20:44:25,812] [INFO] [partition_parameters.py:348:__exit__] finished initializing model - num_params = 291, num_elems = 6.74B
ninja: no work to do.
Time to load cpu_adam op: 2.444247007369995 seconds
Parameter Offload: Total persistent parameters: 270336 in 66 params
{'loss': 1.7301, 'grad_norm': 1.5754832029342651, 'learning_rate': 4.347826086956522e-05, 'epoch': 0.0}
{'loss': 1.7192, 'grad_norm': 1.4682831764221191, 'learning_rate': 8.695652173913044e-05, 'epoch': 0.0}
{'loss': 1.69, 'grad_norm': 1.0345028638839722, 'learning_rate': 0.00013043478260869564, 'epoch': 0.0}
{'loss': 1.5663, 'grad_norm': 0.6484761834144592, 'learning_rate': 0.00017391304347826088, 'epoch': 0.01}
{'loss': 1.562, 'grad_norm': 0.7989012002944946, 'learning_rate': 0.0002173913043478261, 'epoch': 0.01}
{'loss': 1.5106, 'grad_norm': 1.2309656143188477, 'learning_rate': 0.0002608695652173913, 'epoch': 0.01}
{'loss': 1.4407, 'grad_norm': 0.9322259426116943, 'learning_rate': 0.00030434782608695655, 'epoch': 0.01}
{'loss': 1.4653, 'grad_norm': 0.94951331615448, 'learning_rate': 0.00034782608695652176, 'epoch': 0.01}
{'loss': 1.3327, 'grad_norm': 0.7051039338111877, 'learning_rate': 0.000391304347826087, 'epoch': 0.01}
[2026-08-02 20:46:27,961] [WARNING] [stage3.py:2139:step] 1 pytorch allocator cache flushes since last step. this happens when there is high memory pressure and is detrimental to performance. if this is happening frequently consider adjusting settings to reduce memory consumption. If you are unable to make the cache flushes go away consider adding get_accelerator().empty_cache() calls in your training loop to ensure that all ranks flush their caches at the same time
{'loss': 1.3472, 'grad_norm': 0.7539850473403931, 'learning_rate': 0.0004347826086956522, 'epoch': 0.01}
{'loss': 1.3623, 'grad_norm': 0.5773958563804626, 'learning_rate': 0.0004782608695652174, 'epoch': 0.01}
{'loss': 1.278, 'grad_norm': 0.47312304377555847, 'learning_rate': 0.0005217391304347826, 'epoch': 0.02}
{'loss': 1.2345, 'grad_norm': 0.3925836384296417, 'learning_rate': 0.0005652173913043478, 'epoch': 0.02}
{'loss': 1.2419, 'grad_norm': 0.3639090955257416, 'learning_rate': 0.0006086956521739131, 'epoch': 0.02}
{'loss': 1.1975, 'grad_norm': 0.3059331774711609, 'learning_rate': 0.0006521739130434783, 'epoch': 0.02}
{'loss': 1.2657, 'grad_norm': 0.34750667214393616, 'learning_rate': 0.0006956521739130435, 'epoch': 0.02}
{'loss': 1.1708, 'grad_norm': 0.23854629695415497, 'learning_rate': 0.0007391304347826086, 'epoch': 0.02}
{'loss': 1.1745, 'grad_norm': 0.23708243668079376, 'learning_rate': 0.000782608695652174, 'epoch': 0.02}
{'loss': 1.1361, 'grad_norm': 0.2423648238182068, 'learning_rate': 0.0008260869565217392, 'epoch': 0.03}
{'loss': 1.1375, 'grad_norm': 0.22071363031864166, 'learning_rate': 0.0008695652173913044, 'epoch': 0.03}
{'loss': 1.1616, 'grad_norm': 0.2024276703596115, 'learning_rate': 0.0009130434782608695, 'epoch': 0.03}
{'loss': 1.1084, 'grad_norm': 0.1995774656534195, 'learning_rate': 0.0009565217391304348, 'epoch': 0.03}
{'loss': 1.1613, 'grad_norm': 0.19793108105659485, 'learning_rate': 0.001, 'epoch': 0.03}
{'loss': 1.108, 'grad_norm': 0.1698150783777237, 'learning_rate': 0.0009999952271115718, 'epoch': 0.03}
{'loss': 1.1054, 'grad_norm': 0.17029117047786713, 'learning_rate': 0.0009999809085374093, 'epoch': 0.03}
{'loss': 1.0935, 'grad_norm': 0.17410045862197876, 'learning_rate': 0.0009999570445508757, 'epoch': 0.04}
{'loss': 1.0682, 'grad_norm': 0.18016351759433746, 'learning_rate': 0.0009999236356075722, 'epoch': 0.04}
{'loss': 1.1041, 'grad_norm': 0.1585555225610733, 'learning_rate': 0.0009998806823453272, 'epoch': 0.04}
{'loss': 1.0846, 'grad_norm': 0.14223359525203705, 'learning_rate': 0.0009998281855841853, 'epoch': 0.04}
{'loss': 1.0612, 'grad_norm': 0.14744526147842407, 'learning_rate': 0.000999766146326391, 'epoch': 0.04}
{'loss': 1.0869, 'grad_norm': 0.1650203913450241, 'learning_rate': 0.0009996945657563703, 'epoch': 0.04}
{'loss': 1.0301, 'grad_norm': 0.14612026512622833, 'learning_rate': 0.0009996134452407077, 'epoch': 0.04}
{'loss': 1.044, 'grad_norm': 0.13873401284217834, 'learning_rate': 0.0009995227863281195, 'epoch': 0.04}
{'loss': 1.0227, 'grad_norm': 0.14076706767082214, 'learning_rate': 0.0009994225907494255, 'epoch': 0.05}
{'loss': 1.059, 'grad_norm': 0.12568272650241852, 'learning_rate': 0.0009993128604175148, 'epoch': 0.05}
{'loss': 1.0514, 'grad_norm': 0.15065328776836395, 'learning_rate': 0.0009991935974273099, 'epoch': 0.05}
{'loss': 1.0422, 'grad_norm': 0.14213131368160248, 'learning_rate': 0.0009990648040557265, 'epoch': 0.05}
{'loss': 1.0424, 'grad_norm': 0.16244792938232422, 'learning_rate': 0.0009989264827616306, 'epoch': 0.05}
{'loss': 1.0155, 'grad_norm': 0.14858609437942505, 'learning_rate': 0.0009987786361857903, 'epoch': 0.05}
{'loss': 1.0314, 'grad_norm': 0.1783711165189743, 'learning_rate': 0.0009986212671508265, 'epoch': 0.05}
{'loss': 0.994, 'grad_norm': 0.19020090997219086, 'learning_rate': 0.0009984543786611584, 'epoch': 0.06}
{'loss': 0.9707, 'grad_norm': 0.15349826216697693, 'learning_rate': 0.000998277973902947, 'epoch': 0.06}
{'loss': 1.0203, 'grad_norm': 0.19891303777694702, 'learning_rate': 0.0009980920562440328, 'epoch': 0.06}
{'loss': 1.0065, 'grad_norm': 0.13621367514133453, 'learning_rate': 0.0009978966292338728, 'epoch': 0.06}
{'loss': 0.9653, 'grad_norm': 0.2362048327922821, 'learning_rate': 0.0009976916966034724, 'epoch': 0.06}
{'loss': 0.9474, 'grad_norm': 0.16075415909290314, 'learning_rate': 0.0009974772622653142, 'epoch': 0.06}
{'loss': 1.0097, 'grad_norm': 0.1888377070426941, 'learning_rate': 0.0009972533303132822, 'epoch': 0.06}
[2026-08-02 20:52:53,117] [WARNING] [stage3.py:2139:step] 1 pytorch allocator cache flushes since last step. this happens when there is high memory pressure and is detrimental to performance. if this is happening frequently consider adjusting settings to reduce memory consumption. If you are unable to make the cache flushes go away consider adding get_accelerator().empty_cache() calls in your training loop to ensure that all ranks flush their caches at the same time
{'loss': 1.0115, 'grad_norm': 0.21143926680088043, 'learning_rate': 0.000997019905022586, 'epoch': 0.06}
{'loss': 1.0208, 'grad_norm': 0.13191254436969757, 'learning_rate': 0.0009967769908496764, 'epoch': 0.07}
{'loss': 0.9947, 'grad_norm': 0.19356775283813477, 'learning_rate': 0.000996524592432163, 'epoch': 0.07}
{'loss': 0.9862, 'grad_norm': 0.16351661086082458, 'learning_rate': 0.0009962627145887234, 'epoch': 0.07}
{'loss': 0.9835, 'grad_norm': 0.14573150873184204, 'learning_rate': 0.0009959913623190126, 'epoch': 0.07}
{'loss': 0.9995, 'grad_norm': 0.268675297498703, 'learning_rate': 0.000995710540803567, 'epoch': 0.07}
{'loss': 0.9313, 'grad_norm': 0.17637035250663757, 'learning_rate': 0.0009954202554037057, 'epoch': 0.07}
{'loss': 0.9491, 'grad_norm': 0.18903100490570068, 'learning_rate': 0.000995120511661428, 'epoch': 0.07}
{'loss': 0.9722, 'grad_norm': 0.16224652528762817, 'learning_rate': 0.0009948113152993075, 'epoch': 0.08}
{'loss': 0.972, 'grad_norm': 0.16045472025871277, 'learning_rate': 0.0009944926722203833, 'epoch': 0.08}
{'loss': 0.9639, 'grad_norm': 0.16429759562015533, 'learning_rate': 0.000994164588508047, 'epoch': 0.08}
{'loss': 0.9914, 'grad_norm': 0.16780342161655426, 'learning_rate': 0.0009938270704259262, 'epoch': 0.08}
{'loss': 0.9555, 'grad_norm': 0.14459769427776337, 'learning_rate': 0.0009934801244177655, 'epoch': 0.08}
{'loss': 0.981, 'grad_norm': 0.1928221583366394, 'learning_rate': 0.0009931237571073033, 'epoch': 0.08}
{'loss': 0.9502, 'grad_norm': 0.2145954668521881, 'learning_rate': 0.0009927579752981453, 'epoch': 0.08}
{'loss': 0.9476, 'grad_norm': 0.1614328920841217, 'learning_rate': 0.0009923827859736345, 'epoch': 0.08}
{'loss': 0.9246, 'grad_norm': 0.1616712361574173, 'learning_rate': 0.000991998196296718, 'epoch': 0.09}
{'loss': 0.9597, 'grad_norm': 0.1654396504163742, 'learning_rate': 0.0009916042136098103, 'epoch': 0.09}
{'loss': 0.9288, 'grad_norm': 0.15869276225566864, 'learning_rate': 0.000991200845434653, 'epoch': 0.09}
{'loss': 0.9284, 'grad_norm': 0.16698016226291656, 'learning_rate': 0.0009907880994721714, 'epoch': 0.09}
{'loss': 0.9195, 'grad_norm': 0.1823958456516266, 'learning_rate': 0.0009903659836023274, 'epoch': 0.09}
{'loss': 0.919, 'grad_norm': 0.2015160471200943, 'learning_rate': 0.0009899345058839682, 'epoch': 0.09}
{'loss': 0.892, 'grad_norm': 0.1691632866859436, 'learning_rate': 0.0009894936745546744, 'epoch': 0.09}
{'loss': 0.9195, 'grad_norm': 0.1519550085067749, 'learning_rate': 0.0009890434980306005, 'epoch': 0.1}
{'loss': 0.8874, 'grad_norm': 0.15064221620559692, 'learning_rate': 0.0009885839849063164, 'epoch': 0.1}
{'loss': 0.8844, 'grad_norm': 0.22426290810108185, 'learning_rate': 0.0009881151439546409, 'epoch': 0.1}
{'loss': 0.9232, 'grad_norm': 0.2013685256242752, 'learning_rate': 0.000987636984126477, 'epoch': 0.1}
{'loss': 0.9259, 'grad_norm': 0.15065155923366547, 'learning_rate': 0.000987149514550638, 'epoch': 0.1}
{'loss': 0.9042, 'grad_norm': 0.15767057240009308, 'learning_rate': 0.000986652744533676, 'epoch': 0.1}
{'loss': 0.9239, 'grad_norm': 0.25272443890571594, 'learning_rate': 0.0009861466835597021, 'epoch': 0.1}
{'loss': 0.9107, 'grad_norm': 0.37822291254997253, 'learning_rate': 0.0009856313412902069, 'epoch': 0.11}
{'loss': 0.8981, 'grad_norm': 0.1658594012260437, 'learning_rate': 0.000985106727563875, 'epoch': 0.11}
{'loss': 0.9344, 'grad_norm': 0.4002643823623657, 'learning_rate': 0.0009845728523963971, 'epoch': 0.11}
{'loss': 0.9656, 'grad_norm': 0.3331027626991272, 'learning_rate': 0.00098402972598028, 'epoch': 0.11}
{'loss': 0.9146, 'grad_norm': 0.2847101092338562, 'learning_rate': 0.0009834773586846507, 'epoch': 0.11}
{'loss': 0.9145, 'grad_norm': 0.3430232107639313, 'learning_rate': 0.0009829157610550595, 'epoch': 0.11}
{'loss': 0.8887, 'grad_norm': 0.3084273934364319, 'learning_rate': 0.000982344943813277, 'epoch': 0.11}
{'loss': 0.8603, 'grad_norm': 0.24925000965595245, 'learning_rate': 0.0009817649178570918, 'epoch': 0.11}
{'loss': 0.9385, 'grad_norm': 0.3533627390861511, 'learning_rate': 0.0009811756942601005, 'epoch': 0.12}
{'loss': 0.929, 'grad_norm': 0.2586386203765869, 'learning_rate': 0.0009805772842714968, 'epoch': 0.12}
{'loss': 0.9076, 'grad_norm': 0.3151857256889343, 'learning_rate': 0.0009799696993158574, 'epoch': 0.12}
{'loss': 0.9223, 'grad_norm': 0.21300354599952698, 'learning_rate': 0.0009793529509929228, 'epoch': 0.12}
{'loss': 0.907, 'grad_norm': 0.2794281542301178, 'learning_rate': 0.0009787270510773771, 'epoch': 0.12}
{'loss': 0.855, 'grad_norm': 0.19017896056175232, 'learning_rate': 0.000978092011518622, 'epoch': 0.12}
{'loss': 0.9456, 'grad_norm': 0.244390606880188, 'learning_rate': 0.0009774478444405494, 'epoch': 0.12}
{'loss': 0.886, 'grad_norm': 0.21687738597393036, 'learning_rate': 0.0009767945621413096, 'epoch': 0.13}
{'loss': 0.9074, 'grad_norm': 0.19906491041183472, 'learning_rate': 0.0009761321770930766, 'epoch': 0.13}
{'loss': 0.9085, 'grad_norm': 0.2788906395435333, 'learning_rate': 0.0009754607019418105, 'epoch': 0.13}
{'loss': 0.8627, 'grad_norm': 0.24051956832408905, 'learning_rate': 0.0009747801495070148, 'epoch': 0.13}
{'loss': 0.8755, 'grad_norm': 0.23436619341373444, 'learning_rate': 0.000974090532781493, 'epoch': 0.13}
{'loss': 0.9254, 'grad_norm': 0.22007910907268524, 'learning_rate': 0.0009733918649311001, 'epoch': 0.13}
{'loss': 0.8323, 'grad_norm': 0.24996288120746613, 'learning_rate': 0.0009726841592944906, 'epoch': 0.13}
{'loss': 0.8619, 'grad_norm': 0.24780024588108063, 'learning_rate': 0.0009719674293828647, 'epoch': 0.13}
{'loss': 0.8925, 'grad_norm': 0.19458860158920288, 'learning_rate': 0.00097124168887971, 'epoch': 0.14}
{'loss': 0.9066, 'grad_norm': 0.26471906900405884, 'learning_rate': 0.0009705069516405405, 'epoch': 0.14}
{'loss': 0.8837, 'grad_norm': 0.21078453958034515, 'learning_rate': 0.0009697632316926314, 'epoch': 0.14}
{'loss': 0.9161, 'grad_norm': 0.2830512225627899, 'learning_rate': 0.0009690105432347523, 'epoch': 0.14}
{'loss': 0.8814, 'grad_norm': 0.22372324764728546, 'learning_rate': 0.000968248900636895, 'epoch': 0.14}
{'loss': 0.8662, 'grad_norm': 0.2447720617055893, 'learning_rate': 0.0009674783184400004, 'epoch': 0.14}
{'loss': 0.8947, 'grad_norm': 0.24480129778385162, 'learning_rate': 0.0009666988113556798, 'epoch': 0.14}
{'loss': 0.8923, 'grad_norm': 0.162234827876091, 'learning_rate': 0.0009659103942659344, 'epoch': 0.15}
{'loss': 0.9081, 'grad_norm': 0.24933627247810364, 'learning_rate': 0.0009651130822228717, 'epoch': 0.15}
{'loss': 0.893, 'grad_norm': 0.22708822786808014, 'learning_rate': 0.0009643068904484171, 'epoch': 0.15}
{'loss': 0.8876, 'grad_norm': 0.2080068588256836, 'learning_rate': 0.0009634918343340243, 'epoch': 0.15}
{'loss': 0.891, 'grad_norm': 0.22279024124145508, 'learning_rate': 0.0009626679294403808, 'epoch': 0.15}
{'loss': 0.8888, 'grad_norm': 0.19395093619823456, 'learning_rate': 0.0009618351914971115, 'epoch': 0.15}
{'loss': 0.8759, 'grad_norm': 0.2361392229795456, 'learning_rate': 0.0009609936364024771, 'epoch': 0.15}
{'loss': 0.8613, 'grad_norm': 0.160250723361969, 'learning_rate': 0.0009601432802230721, 'epoch': 0.15}
{'loss': 0.8896, 'grad_norm': 0.23634786903858185, 'learning_rate': 0.0009592841391935172, 'epoch': 0.16}
{'loss': 0.8622, 'grad_norm': 0.20336571335792542, 'learning_rate': 0.0009584162297161494, 'epoch': 0.16}
{'loss': 0.8828, 'grad_norm': 0.19965577125549316, 'learning_rate': 0.0009575395683607091, 'epoch': 0.16}
{'loss': 0.8838, 'grad_norm': 0.18634818494319916, 'learning_rate': 0.0009566541718640239, 'epoch': 0.16}
{'loss': 0.8667, 'grad_norm': 0.1990746706724167, 'learning_rate': 0.0009557600571296883, 'epoch': 0.16}
{'loss': 0.892, 'grad_norm': 0.2134176641702652, 'learning_rate': 0.0009548572412277419, 'epoch': 0.16}
{'loss': 0.8755, 'grad_norm': 0.1704118698835373, 'learning_rate': 0.000953945741394343, 'epoch': 0.16}
{'loss': 0.8345, 'grad_norm': 0.1977793127298355, 'learning_rate': 0.0009530255750314396, 'epoch': 0.17}
{'loss': 0.893, 'grad_norm': 0.19760094583034515, 'learning_rate': 0.0009520967597064371, 'epoch': 0.17}
{'loss': 0.8626, 'grad_norm': 0.22764980792999268, 'learning_rate': 0.0009511593131518635, 'epoch': 0.17}
{'loss': 0.9002, 'grad_norm': 0.25914865732192993, 'learning_rate': 0.0009502132532650298, 'epoch': 0.17}
{'loss': 0.8579, 'grad_norm': 0.1571790724992752, 'learning_rate': 0.0009492585981076892, 'epoch': 0.17}
{'loss': 0.8705, 'grad_norm': 0.20926299691200256, 'learning_rate': 0.0009482953659056919, 'epoch': 0.17}
{'loss': 0.9068, 'grad_norm': 0.2229529768228531, 'learning_rate': 0.0009473235750486371, 'epoch': 0.17}
{'loss': 0.8587, 'grad_norm': 0.20160827040672302, 'learning_rate': 0.0009463432440895223, 'epoch': 0.18}
{'loss': 0.892, 'grad_norm': 0.23642350733280182, 'learning_rate': 0.0009453543917443888, 'epoch': 0.18}
{'loss': 0.8469, 'grad_norm': 0.18931621313095093, 'learning_rate': 0.000944357036891964, 'epoch': 0.18}
{'loss': 0.8668, 'grad_norm': 0.37816688418388367, 'learning_rate': 0.0009433511985733017, 'epoch': 0.18}
{'loss': 0.8764, 'grad_norm': 0.26227036118507385, 'learning_rate': 0.0009423368959914182, 'epoch': 0.18}
{'loss': 0.865, 'grad_norm': 0.2498471736907959, 'learning_rate': 0.0009413141485109258, 'epoch': 0.18}
{'loss': 0.8449, 'grad_norm': 0.25635457038879395, 'learning_rate': 0.0009402829756576629, 'epoch': 0.18}
{'loss': 0.8908, 'grad_norm': 0.31471672654151917, 'learning_rate': 0.0009392433971183215, 'epoch': 0.18}
{'loss': 0.8702, 'grad_norm': 0.3281678557395935, 'learning_rate': 0.0009381954327400711, 'epoch': 0.19}
{'loss': 0.8421, 'grad_norm': 0.20912905037403107, 'learning_rate': 0.0009371391025301797, 'epoch': 0.19}
{'loss': 0.8674, 'grad_norm': 0.27662527561187744, 'learning_rate': 0.0009360744266556324, 'epoch': 0.19}
{'loss': 0.8709, 'grad_norm': 0.2046639770269394, 'learning_rate': 0.0009350014254427459, 'epoch': 0.19}
{'loss': 0.8865, 'grad_norm': 0.24889333546161652, 'learning_rate': 0.0009339201193767804, 'epoch': 0.19}
{'loss': 0.883, 'grad_norm': 0.17516860365867615, 'learning_rate': 0.0009328305291015488, 'epoch': 0.19}
{'loss': 0.8901, 'grad_norm': 0.19117414951324463, 'learning_rate': 0.0009317326754190223, 'epoch': 0.19}
{'loss': 0.8533, 'grad_norm': 0.22804254293441772, 'learning_rate': 0.0009306265792889335, 'epoch': 0.2}
{'loss': 0.8369, 'grad_norm': 0.21164356172084808, 'learning_rate': 0.000929512261828376, 'epoch': 0.2}
{'loss': 0.8498, 'grad_norm': 0.20674364268779755, 'learning_rate': 0.0009283897443114015, 'epoch': 0.2}
{'loss': 0.8517, 'grad_norm': 0.24679666757583618, 'learning_rate': 0.0009272590481686136, 'epoch': 0.2}
{'loss': 0.8505, 'grad_norm': 0.20497199892997742, 'learning_rate': 0.0009261201949867584, 'epoch': 0.2}
{'loss': 0.8632, 'grad_norm': 0.19525815546512604, 'learning_rate': 0.0009249732065083125, 'epoch': 0.2}
{'loss': 0.856, 'grad_norm': 0.2194155901670456, 'learning_rate': 0.0009238181046310679, 'epoch': 0.2}
{'loss': 0.8653, 'grad_norm': 0.28468388319015503, 'learning_rate': 0.0009226549114077142, 'epoch': 0.2}
{'loss': 0.8529, 'grad_norm': 0.22276835143566132, 'learning_rate': 0.0009214836490454177, 'epoch': 0.21}
{'loss': 0.8638, 'grad_norm': 0.21821995079517365, 'learning_rate': 0.0009203043399053963, 'epoch': 0.21}
{'loss': 0.8423, 'grad_norm': 0.275370717048645, 'learning_rate': 0.0009191170065024939, 'epoch': 0.21}
{'loss': 0.849, 'grad_norm': 0.27576637268066406, 'learning_rate': 0.0009179216715047498, 'epoch': 0.21}
{'loss': 0.8437, 'grad_norm': 0.2281004935503006, 'learning_rate': 0.0009167183577329666, 'epoch': 0.21}
{'loss': 0.8293, 'grad_norm': 0.2308409959077835, 'learning_rate': 0.0009155070881602737, 'epoch': 0.21}
{'loss': 0.8363, 'grad_norm': 0.21866600215435028, 'learning_rate': 0.000914287885911689, 'epoch': 0.21}
{'loss': 0.8481, 'grad_norm': 0.25686588883399963, 'learning_rate': 0.0009130607742636778, 'epoch': 0.22}
{'loss': 0.8595, 'grad_norm': 0.23069199919700623, 'learning_rate': 0.0009118257766437082, 'epoch': 0.22}
{'loss': 0.8683, 'grad_norm': 0.25121602416038513, 'learning_rate': 0.0009105829166298036, 'epoch': 0.22}
{'loss': 0.8703, 'grad_norm': 0.20569941401481628, 'learning_rate': 0.0009093322179500924, 'epoch': 0.22}
{'loss': 0.8436, 'grad_norm': 0.19296477735042572, 'learning_rate': 0.0009080737044823561, 'epoch': 0.22}
{'loss': 0.8248, 'grad_norm': 0.2042171061038971, 'learning_rate': 0.0009068074002535719, 'epoch': 0.22}
{'loss': 0.8375, 'grad_norm': 0.2176200896501541, 'learning_rate': 0.0009055333294394549, 'epoch': 0.22}
{'loss': 0.8205, 'grad_norm': 0.2043493241071701, 'learning_rate': 0.0009042515163639966, 'epoch': 0.22}
{'loss': 0.8699, 'grad_norm': 0.22105655074119568, 'learning_rate': 0.0009029619854990001, 'epoch': 0.23}
{'loss': 0.8443, 'grad_norm': 0.22723689675331116, 'learning_rate': 0.0009016647614636135, 'epoch': 0.23}
{'loss': 0.8454, 'grad_norm': 0.2564651370048523, 'learning_rate': 0.0009003598690238586, 'epoch': 0.23}
{'loss': 0.8201, 'grad_norm': 0.19478344917297363, 'learning_rate': 0.00089904733309216, 'epoch': 0.23}
{'loss': 0.8731, 'grad_norm': 0.2668341100215912, 'learning_rate': 0.0008977271787268677, 'epoch': 0.23}
{'loss': 0.824, 'grad_norm': 0.3012898564338684, 'learning_rate': 0.0008963994311317796, 'epoch': 0.23}
{'loss': 0.8097, 'grad_norm': 0.26386937499046326, 'learning_rate': 0.0008950641156556605, 'epoch': 0.23}
{'loss': 0.8093, 'grad_norm': 0.21905791759490967, 'learning_rate': 0.0008937212577917573, 'epoch': 0.24}
{'loss': 0.8459, 'grad_norm': 0.22868598997592926, 'learning_rate': 0.000892370883177313, 'epoch': 0.24}
{'loss': 0.8376, 'grad_norm': 0.22741104662418365, 'learning_rate': 0.0008910130175930772, 'epoch': 0.24}
{'loss': 0.8399, 'grad_norm': 0.22979752719402313, 'learning_rate': 0.0008896476869628138, 'epoch': 0.24}
{'loss': 0.8415, 'grad_norm': 0.2033969759941101, 'learning_rate': 0.0008882749173528058, 'epoch': 0.24}
{'loss': 0.8654, 'grad_norm': 0.24895232915878296, 'learning_rate': 0.0008868947349713576, 'epoch': 0.24}
{'loss': 0.8597, 'grad_norm': 0.23576965928077698, 'learning_rate': 0.0008855071661682956, 'epoch': 0.24}
{'loss': 0.844, 'grad_norm': 0.27136868238449097, 'learning_rate': 0.0008841122374344641, 'epoch': 0.25}
{'loss': 0.8344, 'grad_norm': 0.2200847864151001, 'learning_rate': 0.0008827099754012198, 'epoch': 0.25}
{'loss': 0.8413, 'grad_norm': 0.20166729390621185, 'learning_rate': 0.0008813004068399237, 'epoch': 0.25}
{'loss': 0.8282, 'grad_norm': 0.21718411147594452, 'learning_rate': 0.0008798835586614298, 'epoch': 0.25}
{'loss': 0.8513, 'grad_norm': 0.2263866513967514, 'learning_rate': 0.0008784594579155712, 'epoch': 0.25}
{'loss': 0.8348, 'grad_norm': 0.19172771275043488, 'learning_rate': 0.0008770281317906435, 'epoch': 0.25}
{'loss': 0.874, 'grad_norm': 0.20472289621829987, 'learning_rate': 0.0008755896076128866, 'epoch': 0.25}
{'loss': 0.8126, 'grad_norm': 0.2224501073360443, 'learning_rate': 0.0008741439128459621, 'epoch': 0.25}
{'loss': 0.8136, 'grad_norm': 0.185589998960495, 'learning_rate': 0.000872691075090429, 'epoch': 0.26}
{'loss': 0.8164, 'grad_norm': 0.18665811419487, 'learning_rate': 0.0008712311220832176, 'epoch': 0.26}
{'loss': 0.8278, 'grad_norm': 0.21608594059944153, 'learning_rate': 0.0008697640816970991, 'epoch': 0.26}
{'loss': 0.8812, 'grad_norm': 0.23593351244926453, 'learning_rate': 0.0008682899819401539, 'epoch': 0.26}
{'loss': 0.8181, 'grad_norm': 0.18374504148960114, 'learning_rate': 0.0008668088509552368, 'epoch': 0.26}
{'loss': 0.8306, 'grad_norm': 0.195433109998703, 'learning_rate': 0.0008653207170194391, 'epoch': 0.26}
{'loss': 0.8187, 'grad_norm': 0.16769389808177948, 'learning_rate': 0.0008638256085435501, 'epoch': 0.26}
{'loss': 0.8508, 'grad_norm': 0.31595903635025024, 'learning_rate': 0.0008623235540715135, 'epoch': 0.27}
{'loss': 0.8354, 'grad_norm': 0.18869395554065704, 'learning_rate': 0.000860814582279883, 'epoch': 0.27}
{'loss': 0.8624, 'grad_norm': 0.3189840316772461, 'learning_rate': 0.0008592987219772745, 'epoch': 0.27}
{'loss': 0.843, 'grad_norm': 0.3551512360572815, 'learning_rate': 0.0008577760021038165, 'epoch': 0.27}
{'loss': 0.842, 'grad_norm': 0.2956636846065521, 'learning_rate': 0.0008562464517305971, 'epoch': 0.27}
{'loss': 0.8595, 'grad_norm': 0.36946332454681396, 'learning_rate': 0.0008547101000591095, 'epoch': 0.27}
{'loss': 0.8751, 'grad_norm': 0.2484564632177353, 'learning_rate': 0.0008531669764206944, 'epoch': 0.27}
{'loss': 0.8594, 'grad_norm': 0.3019360601902008, 'learning_rate': 0.0008516171102759793, 'epoch': 0.27}
{'loss': 0.8292, 'grad_norm': 0.23669764399528503, 'learning_rate': 0.0008500605312143169, 'epoch': 0.28}
{'loss': 0.8607, 'grad_norm': 0.2402505725622177, 'learning_rate': 0.0008484972689532201, 'epoch': 0.28}
{'loss': 0.8581, 'grad_norm': 0.2536202073097229, 'learning_rate': 0.0008469273533377944, 'epoch': 0.28}
{'loss': 0.8605, 'grad_norm': 0.19448718428611755, 'learning_rate': 0.0008453508143401681, 'epoch': 0.28}
{'loss': 0.8494, 'grad_norm': 0.22561901807785034, 'learning_rate': 0.00084376768205892, 'epoch': 0.28}
[2026-08-02 21:19:39,711] [WARNING] [stage3.py:2139:step] 1 pytorch allocator cache flushes since last step. this happens when there is high memory pressure and is detrimental to performance. if this is happening frequently consider adjusting settings to reduce memory consumption. If you are unable to make the cache flushes go away consider adding get_accelerator().empty_cache() calls in your training loop to ensure that all ranks flush their caches at the same time
{'loss': 0.8625, 'grad_norm': 0.1858757585287094, 'learning_rate': 0.0008421779867185053, 'epoch': 0.28}
{'loss': 0.8198, 'grad_norm': 0.24396347999572754, 'learning_rate': 0.0008405817586686777, 'epoch': 0.28}
{'loss': 0.8236, 'grad_norm': 0.18476833403110504, 'learning_rate': 0.0008389790283839109, 'epoch': 0.29}
{'loss': 0.8283, 'grad_norm': 0.26634499430656433, 'learning_rate': 0.0008373698264628162, 'epoch': 0.29}
{'loss': 0.8122, 'grad_norm': 0.23480193316936493, 'learning_rate': 0.0008357541836275585, 'epoch': 0.29}
{'loss': 0.8403, 'grad_norm': 0.17063342034816742, 'learning_rate': 0.0008341321307232699, 'epoch': 0.29}
{'loss': 0.7978, 'grad_norm': 0.1695064753293991, 'learning_rate': 0.0008325036987174604, 'epoch': 0.29}
{'loss': 0.8352, 'grad_norm': 0.20068956911563873, 'learning_rate': 0.0008308689186994272, 'epoch': 0.29}
{'loss': 0.8277, 'grad_norm': 0.2231638878583908, 'learning_rate': 0.0008292278218796607, 'epoch': 0.29}
{'loss': 0.7928, 'grad_norm': 0.15223278105258942, 'learning_rate': 0.0008275804395892489, 'epoch': 0.29}
{'loss': 0.8499, 'grad_norm': 0.2744790315628052, 'learning_rate': 0.0008259268032792795, 'epoch': 0.3}
{'loss': 0.8508, 'grad_norm': 0.1922019124031067, 'learning_rate': 0.000824266944520239, 'epoch': 0.3}
{'loss': 0.8191, 'grad_norm': 0.2775599956512451, 'learning_rate': 0.0008226008950014098, 'epoch': 0.3}
{'loss': 0.8227, 'grad_norm': 0.18347229063510895, 'learning_rate': 0.0008209286865302661, 'epoch': 0.3}
{'loss': 0.7981, 'grad_norm': 0.19561824202537537, 'learning_rate': 0.0008192503510318654, 'epoch': 0.3}
{'loss': 0.841, 'grad_norm': 0.19600285589694977, 'learning_rate': 0.0008175659205482401, 'epoch': 0.3}
{'loss': 0.8249, 'grad_norm': 0.17936883866786957, 'learning_rate': 0.0008158754272377853, 'epoch': 0.3}
{'loss': 0.8289, 'grad_norm': 0.20329703390598297, 'learning_rate': 0.000814178903374645, 'epoch': 0.31}
{'loss': 0.8084, 'grad_norm': 0.18296463787555695, 'learning_rate': 0.0008124763813480953, 'epoch': 0.31}
{'loss': 0.8137, 'grad_norm': 0.1928716003894806, 'learning_rate': 0.0008107678936619273, 'epoch': 0.31}
{'loss': 0.8238, 'grad_norm': 0.18855534493923187, 'learning_rate': 0.0008090534729338252, 'epoch': 0.31}
{'loss': 0.8532, 'grad_norm': 0.27970972657203674, 'learning_rate': 0.0008073331518947444, 'epoch': 0.31}
{'loss': 0.8318, 'grad_norm': 0.18338599801063538, 'learning_rate': 0.0008056069633882867, 'epoch': 0.31}
{'loss': 0.8475, 'grad_norm': 0.20180818438529968, 'learning_rate': 0.0008038749403700724, 'epoch': 0.31}
{'loss': 0.8073, 'grad_norm': 0.21431945264339447, 'learning_rate': 0.000802137115907112, 'epoch': 0.32}
{'loss': 0.8238, 'grad_norm': 0.2741268575191498, 'learning_rate': 0.0008003935231771746, 'epoch': 0.32}
{'loss': 0.8422, 'grad_norm': 0.20263232290744781, 'learning_rate': 0.0007986441954681546, 'epoch': 0.32}
{'loss': 0.828, 'grad_norm': 0.2077638804912567, 'learning_rate': 0.0007968891661774357, 'epoch': 0.32}
{'loss': 0.832, 'grad_norm': 0.19704335927963257, 'learning_rate': 0.0007951284688112541, 'epoch': 0.32}
{'loss': 0.8426, 'grad_norm': 0.2001989632844925, 'learning_rate': 0.000793362136984058, 'epoch': 0.32}
{'loss': 0.8371, 'grad_norm': 0.18147310614585876, 'learning_rate': 0.0007915902044178663, 'epoch': 0.32}
{'loss': 0.8189, 'grad_norm': 0.3160037100315094, 'learning_rate': 0.0007898127049416249, 'epoch': 0.32}
{'loss': 0.8299, 'grad_norm': 0.22020427882671356, 'learning_rate': 0.0007880296724905604, 'epoch': 0.33}
{'loss': 0.8512, 'grad_norm': 0.20662693679332733, 'learning_rate': 0.0007862411411055328, 'epoch': 0.33}
{'loss': 0.8404, 'grad_norm': 0.2023412138223648, 'learning_rate': 0.0007844471449323849, 'epoch': 0.33}
{'loss': 0.8482, 'grad_norm': 0.20457546412944794, 'learning_rate': 0.0007826477182212911, 'epoch': 0.33}
{'loss': 0.846, 'grad_norm': 0.2751874029636383, 'learning_rate': 0.0007808428953261031, 'epoch': 0.33}
{'loss': 0.8624, 'grad_norm': 0.2175634205341339, 'learning_rate': 0.0007790327107036942, 'epoch': 0.33}
{'loss': 0.8404, 'grad_norm': 0.20116086304187775, 'learning_rate': 0.0007772171989133013, 'epoch': 0.33}
{'loss': 0.8755, 'grad_norm': 0.22984002530574799, 'learning_rate': 0.0007753963946158651, 'epoch': 0.34}
{'loss': 0.8561, 'grad_norm': 0.19106590747833252, 'learning_rate': 0.0007735703325733687, 'epoch': 0.34}
{'loss': 0.8371, 'grad_norm': 0.17701661586761475, 'learning_rate': 0.000771739047648174, 'epoch': 0.34}
{'loss': 0.8133, 'grad_norm': 0.18968461453914642, 'learning_rate': 0.0007699025748023553, 'epoch': 0.34}
{'loss': 0.83, 'grad_norm': 0.22427229583263397, 'learning_rate': 0.0007680609490970324, 'epoch': 0.34}
{'loss': 0.8259, 'grad_norm': 0.18704348802566528, 'learning_rate': 0.0007662142056917016, 'epoch': 0.34}
{'loss': 0.7821, 'grad_norm': 0.18708054721355438, 'learning_rate': 0.0007643623798435637, 'epoch': 0.34}
{'loss': 0.8488, 'grad_norm': 0.2062608152627945, 'learning_rate': 0.0007625055069068513, 'epoch': 0.34}
{'loss': 0.8261, 'grad_norm': 0.20785778760910034, 'learning_rate': 0.000760643622332154, 'epoch': 0.35}
{'loss': 0.8767, 'grad_norm': 0.20292635262012482, 'learning_rate': 0.0007587767616657411, 'epoch': 0.35}
{'loss': 0.8354, 'grad_norm': 0.2461448758840561, 'learning_rate': 0.0007569049605488831, 'epoch': 0.35}
{'loss': 0.829, 'grad_norm': 0.18497416377067566, 'learning_rate': 0.0007550282547171719, 'epoch': 0.35}
{'loss': 0.8333, 'grad_norm': 0.24015121161937714, 'learning_rate': 0.0007531466799998374, 'epoch': 0.35}
{'loss': 0.8078, 'grad_norm': 0.22351309657096863, 'learning_rate': 0.0007512602723190642, 'epoch': 0.35}
{'loss': 0.7922, 'grad_norm': 0.29617029428482056, 'learning_rate': 0.0007493690676893066, 'epoch': 0.35}
{'loss': 0.849, 'grad_norm': 0.2040775567293167, 'learning_rate': 0.0007474731022165986, 'epoch': 0.36}
{'loss': 0.8314, 'grad_norm': 0.2784065902233124, 'learning_rate': 0.0007455724120978673, 'epoch': 0.36}
{'loss': 0.8192, 'grad_norm': 0.28234145045280457, 'learning_rate': 0.0007436670336202401, 'epoch': 0.36}
{'loss': 0.8041, 'grad_norm': 0.22244209051132202, 'learning_rate': 0.0007417570031603524, 'epoch': 0.36}
{'loss': 0.855, 'grad_norm': 0.2848559319972992, 'learning_rate': 0.0007398423571836534, 'epoch': 0.36}
{'loss': 0.8042, 'grad_norm': 0.1927485466003418, 'learning_rate': 0.0007379231322437097, 'epoch': 0.36}
{'loss': 0.8454, 'grad_norm': 0.2709660232067108, 'learning_rate': 0.0007359993649815073, 'epoch': 0.36}
{'loss': 0.822, 'grad_norm': 0.21047908067703247, 'learning_rate': 0.0007340710921247523, 'epoch': 0.36}
{'loss': 0.8181, 'grad_norm': 0.17480051517486572, 'learning_rate': 0.0007321383504871691, 'epoch': 0.37}
{'loss': 0.7823, 'grad_norm': 0.17755582928657532, 'learning_rate': 0.000730201176967799, 'epoch': 0.37}
{'loss': 0.8206, 'grad_norm': 0.23058561980724335, 'learning_rate': 0.000728259608550294, 'epoch': 0.37}
{'loss': 0.8346, 'grad_norm': 0.2060486078262329, 'learning_rate': 0.0007263136823022119, 'epoch': 0.37}
{'loss': 0.8324, 'grad_norm': 0.2206764817237854, 'learning_rate': 0.0007243634353743082, 'epoch': 0.37}
{'loss': 0.8528, 'grad_norm': 0.2020263671875, 'learning_rate': 0.0007224089049998269, 'epoch': 0.37}
{'loss': 0.848, 'grad_norm': 0.2121044099330902, 'learning_rate': 0.0007204501284937897, 'epoch': 0.37}
{'loss': 0.81, 'grad_norm': 0.2253432422876358, 'learning_rate': 0.0007184871432522833, 'epoch': 0.38}
{'loss': 0.8372, 'grad_norm': 0.18920539319515228, 'learning_rate': 0.0007165199867517458, 'epoch': 0.38}
{'loss': 0.8045, 'grad_norm': 0.19461305439472198, 'learning_rate': 0.0007145486965482514, 'epoch': 0.38}
{'loss': 0.8311, 'grad_norm': 0.20937544107437134, 'learning_rate': 0.000712573310276793, 'epoch': 0.38}
{'loss': 0.8103, 'grad_norm': 0.16632360219955444, 'learning_rate': 0.0007105938656505634, 'epoch': 0.38}
{'loss': 0.8219, 'grad_norm': 0.21176891028881073, 'learning_rate': 0.0007086104004602363, 'epoch': 0.38}
{'loss': 0.7886, 'grad_norm': 0.18497037887573242, 'learning_rate': 0.0007066229525732437, 'epoch': 0.38}
{'loss': 0.8282, 'grad_norm': 0.18006159365177155, 'learning_rate': 0.0007046315599330537, 'epoch': 0.39}
{'loss': 0.803, 'grad_norm': 0.2222832292318344, 'learning_rate': 0.000702636260558446, 'epoch': 0.39}
{'loss': 0.8183, 'grad_norm': 0.20170781016349792, 'learning_rate': 0.0007006370925427857, 'epoch': 0.39}
{'loss': 0.7992, 'grad_norm': 0.1635541319847107, 'learning_rate': 0.0006986340940532962, 'epoch': 0.39}
{'loss': 0.8188, 'grad_norm': 0.2773641347885132, 'learning_rate': 0.000696627303330331, 'epoch': 0.39}
{'loss': 0.818, 'grad_norm': 0.23041070997714996, 'learning_rate': 0.000694616758686643, 'epoch': 0.39}
{'loss': 0.8093, 'grad_norm': 0.26132920384407043, 'learning_rate': 0.0006926024985066529, 'epoch': 0.39}
{'loss': 0.851, 'grad_norm': 0.22939889132976532, 'learning_rate': 0.0006905845612457174, 'epoch': 0.39}
{'loss': 0.8562, 'grad_norm': 0.22615793347358704, 'learning_rate': 0.000688562985429394, 'epoch': 0.4}
{'loss': 0.8366, 'grad_norm': 0.2643313407897949, 'learning_rate': 0.0006865378096527063, 'epoch': 0.4}
{'loss': 0.8169, 'grad_norm': 0.1704842746257782, 'learning_rate': 0.0006845090725794061, 'epoch': 0.4}
{'loss': 0.8211, 'grad_norm': 0.25602975487709045, 'learning_rate': 0.0006824768129412361, 'epoch': 0.4}
{'loss': 0.8354, 'grad_norm': 0.2806013226509094, 'learning_rate': 0.0006804410695371905, 'epoch': 0.4}
{'loss': 0.8125, 'grad_norm': 0.17636314034461975, 'learning_rate': 0.0006784018812327738, 'epoch': 0.4}
{'loss': 0.8057, 'grad_norm': 0.2392396628856659, 'learning_rate': 0.0006763592869592593, 'epoch': 0.4}
{'loss': 0.8368, 'grad_norm': 0.2522056996822357, 'learning_rate': 0.0006743133257129448, 'epoch': 0.41}
{'loss': 0.8241, 'grad_norm': 0.1743060052394867, 'learning_rate': 0.0006722640365544099, 'epoch': 0.41}
{'loss': 0.8351, 'grad_norm': 0.23072077333927155, 'learning_rate': 0.0006702114586077682, 'epoch': 0.41}
{'loss': 0.8355, 'grad_norm': 0.2402522712945938, 'learning_rate': 0.000668155631059922, 'epoch': 0.41}
{'loss': 0.7792, 'grad_norm': 0.16657067835330963, 'learning_rate': 0.0006660965931598134, 'epoch': 0.41}
{'loss': 0.816, 'grad_norm': 0.22866405546665192, 'learning_rate': 0.0006640343842176747, 'epoch': 0.41}
{'loss': 0.8164, 'grad_norm': 0.1739051342010498, 'learning_rate': 0.0006619690436042792, 'epoch': 0.41}
{'loss': 0.8, 'grad_norm': 0.18320895731449127, 'learning_rate': 0.0006599006107501879, 'epoch': 0.41}
{'loss': 0.8059, 'grad_norm': 0.2085902988910675, 'learning_rate': 0.0006578291251449977, 'epoch': 0.42}
{'loss': 0.7668, 'grad_norm': 0.18549518287181854, 'learning_rate': 0.0006557546263365874, 'epoch': 0.42}
{'loss': 0.828, 'grad_norm': 0.20139318704605103, 'learning_rate': 0.0006536771539303625, 'epoch': 0.42}
{'loss': 0.8386, 'grad_norm': 0.23203255236148834, 'learning_rate': 0.0006515967475884988, 'epoch': 0.42}
{'loss': 0.8172, 'grad_norm': 0.23381996154785156, 'learning_rate': 0.0006495134470291857, 'epoch': 0.42}
{'loss': 0.8254, 'grad_norm': 0.18500709533691406, 'learning_rate': 0.000647427292025868, 'epoch': 0.42}
{'loss': 0.83, 'grad_norm': 0.23989829421043396, 'learning_rate': 0.0006453383224064858, 'epoch': 0.42}
{'loss': 0.8119, 'grad_norm': 0.20930451154708862, 'learning_rate': 0.0006432465780527151, 'epoch': 0.43}
{'loss': 0.8269, 'grad_norm': 0.19955678284168243, 'learning_rate': 0.000641152098899205, 'epoch': 0.43}
{'loss': 0.8241, 'grad_norm': 0.20407289266586304, 'learning_rate': 0.0006390549249328171, 'epoch': 0.43}
{'loss': 0.8074, 'grad_norm': 0.2339986264705658, 'learning_rate': 0.0006369550961918611, 'epoch': 0.43}
{'loss': 0.7889, 'grad_norm': 0.16525577008724213, 'learning_rate': 0.0006348526527653297, 'epoch': 0.43}
{'loss': 0.8251, 'grad_norm': 0.22804968059062958, 'learning_rate': 0.0006327476347921348, 'epoch': 0.43}
{'loss': 0.8297, 'grad_norm': 0.21513180434703827, 'learning_rate': 0.00063064008246034, 'epoch': 0.43}
{'loss': 0.7914, 'grad_norm': 0.23680396378040314, 'learning_rate': 0.000628530036006394, 'epoch': 0.43}
{'loss': 0.792, 'grad_norm': 0.19317427277565002, 'learning_rate': 0.0006264175357143615, 'epoch': 0.44}
{'loss': 0.7934, 'grad_norm': 0.1655675619840622, 'learning_rate': 0.0006243026219151562, 'epoch': 0.44}
{'loss': 0.8282, 'grad_norm': 0.22260385751724243, 'learning_rate': 0.0006221853349857677, 'epoch': 0.44}
{'loss': 0.8264, 'grad_norm': 0.21081553399562836, 'learning_rate': 0.0006200657153484934, 'epoch': 0.44}
{'loss': 0.8008, 'grad_norm': 0.20345789194107056, 'learning_rate': 0.0006179438034701655, 'epoch': 0.44}
{'loss': 0.8302, 'grad_norm': 0.23368684947490692, 'learning_rate': 0.0006158196398613786, 'epoch': 0.44}
{'loss': 0.779, 'grad_norm': 0.1906489133834839, 'learning_rate': 0.000613693265075716, 'epoch': 0.44}
{'loss': 0.799, 'grad_norm': 0.20608247816562653, 'learning_rate': 0.0006115647197089768, 'epoch': 0.45}
{'loss': 0.8324, 'grad_norm': 0.18208301067352295, 'learning_rate': 0.0006094340443983988, 'epoch': 0.45}
{'loss': 0.8067, 'grad_norm': 0.21568158268928528, 'learning_rate': 0.000607301279821884, 'epoch': 0.45}
{'loss': 0.8061, 'grad_norm': 0.20088431239128113, 'learning_rate': 0.0006051664666972221, 'epoch': 0.45}
{'loss': 0.7775, 'grad_norm': 0.22816377878189087, 'learning_rate': 0.0006030296457813126, 'epoch': 0.45}
{'loss': 0.8159, 'grad_norm': 0.23040464520454407, 'learning_rate': 0.0006008908578693865, 'epoch': 0.45}
{'loss': 0.8233, 'grad_norm': 0.24338673055171967, 'learning_rate': 0.0005987501437942283, 'epoch': 0.45}
{'loss': 0.789, 'grad_norm': 0.23029303550720215, 'learning_rate': 0.0005966075444253956, 'epoch': 0.46}
{'loss': 0.8094, 'grad_norm': 0.2229752540588379, 'learning_rate': 0.0005944631006684396, 'epoch': 0.46}
{'loss': 0.8131, 'grad_norm': 0.19525547325611115, 'learning_rate': 0.0005923168534641231, 'epoch': 0.46}
{'loss': 0.8075, 'grad_norm': 0.22111040353775024, 'learning_rate': 0.0005901688437876403, 'epoch': 0.46}
{'loss': 0.8092, 'grad_norm': 0.27642038464546204, 'learning_rate': 0.0005880191126478332, 'epoch': 0.46}
{'loss': 0.836, 'grad_norm': 0.24528221786022186, 'learning_rate': 0.000585867701086409, 'epoch': 0.46}
{'loss': 0.8022, 'grad_norm': 0.2137632966041565, 'learning_rate': 0.0005837146501771574, 'epoch': 0.46}
{'loss': 0.7844, 'grad_norm': 0.1894129365682602, 'learning_rate': 0.0005815600010251654, 'epoch': 0.46}
{'loss': 0.8507, 'grad_norm': 0.2639991044998169, 'learning_rate': 0.0005794037947660331, 'epoch': 0.47}
{'loss': 0.826, 'grad_norm': 0.17130865156650543, 'learning_rate': 0.0005772460725650878, 'epoch': 0.47}
{'loss': 0.833, 'grad_norm': 0.18899184465408325, 'learning_rate': 0.0005750868756165993, 'epoch': 0.47}
{'loss': 0.8326, 'grad_norm': 0.1896120309829712, 'learning_rate': 0.0005729262451429917, 'epoch': 0.47}
{'loss': 0.8027, 'grad_norm': 0.17570523917675018, 'learning_rate': 0.0005707642223940579, 'epoch': 0.47}
{'loss': 0.8186, 'grad_norm': 0.17555226385593414, 'learning_rate': 0.0005686008486461713, 'epoch': 0.47}
{'loss': 0.8047, 'grad_norm': 0.21252989768981934, 'learning_rate': 0.0005664361652014981, 'epoch': 0.47}
{'loss': 0.8319, 'grad_norm': 0.21961988508701324, 'learning_rate': 0.0005642702133872085, 'epoch': 0.48}
{'loss': 0.8108, 'grad_norm': 0.17780029773712158, 'learning_rate': 0.0005621030345546878, 'epoch': 0.48}
{'loss': 0.8049, 'grad_norm': 0.20314808189868927, 'learning_rate': 0.0005599346700787473, 'epoch': 0.48}
{'loss': 0.8171, 'grad_norm': 0.2341398298740387, 'learning_rate': 0.0005577651613568335, 'epoch': 0.48}
{'loss': 0.7724, 'grad_norm': 0.20339462161064148, 'learning_rate': 0.000555594549808239, 'epoch': 0.48}
{'loss': 0.8375, 'grad_norm': 0.2143029123544693, 'learning_rate': 0.000553422876873311, 'epoch': 0.48}
{'loss': 0.8085, 'grad_norm': 0.23519985377788544, 'learning_rate': 0.0005512501840126594, 'epoch': 0.48}
{'loss': 0.8062, 'grad_norm': 0.1654399186372757, 'learning_rate': 0.0005490765127063671, 'epoch': 0.48}
{'loss': 0.8382, 'grad_norm': 0.20886586606502533, 'learning_rate': 0.0005469019044531961, 'epoch': 0.49}
{'loss': 0.8317, 'grad_norm': 0.2563496232032776, 'learning_rate': 0.0005447264007697973, 'epoch': 0.49}
{'loss': 0.7911, 'grad_norm': 0.24982358515262604, 'learning_rate': 0.0005425500431899157, 'epoch': 0.49}
{'loss': 0.7789, 'grad_norm': 0.2317274659872055, 'learning_rate': 0.0005403728732635991, 'epoch': 0.49}
{'loss': 0.7817, 'grad_norm': 0.1895061731338501, 'learning_rate': 0.0005381949325564041, 'epoch': 0.49}
{'loss': 0.7995, 'grad_norm': 0.20625664293766022, 'learning_rate': 0.0005360162626486026, 'epoch': 0.49}
{'loss': 0.7744, 'grad_norm': 0.16916996240615845, 'learning_rate': 0.0005338369051343883, 'epoch': 0.49}
{'loss': 0.8614, 'grad_norm': 0.24340932071208954, 'learning_rate': 0.000531656901621082, 'epoch': 0.5}
{'loss': 0.8063, 'grad_norm': 0.20531204342842102, 'learning_rate': 0.0005294762937283381, 'epoch': 0.5}
{'loss': 0.7907, 'grad_norm': 0.22078625857830048, 'learning_rate': 0.0005272951230873491, 'epoch': 0.5}
{'loss': 0.7983, 'grad_norm': 0.1824907809495926, 'learning_rate': 0.0005251134313400519, 'epoch': 0.5}
{'loss': 0.805, 'grad_norm': 0.2583118677139282, 'learning_rate': 0.000522931260138331, 'epoch': 0.5}
{'loss': 0.8124, 'grad_norm': 0.264883816242218, 'learning_rate': 0.0005207486511432256, 'epoch': 0.5}
{'loss': 0.814, 'grad_norm': 0.21629680693149567, 'learning_rate': 0.0005185656460241325, 'epoch': 0.5}
{'loss': 0.8117, 'grad_norm': 0.30663615465164185, 'learning_rate': 0.0005163822864580111, 'epoch': 0.5}
{'loss': 0.841, 'grad_norm': 0.2727874517440796, 'learning_rate': 0.0005141986141285878, 'epoch': 0.51}
{'loss': 0.7994, 'grad_norm': 0.2670322060585022, 'learning_rate': 0.0005120146707255603, 'epoch': 0.51}
{'loss': 0.8283, 'grad_norm': 0.30833637714385986, 'learning_rate': 0.0005098304979438013, 'epoch': 0.51}
{'loss': 0.8144, 'grad_norm': 0.19532154500484467, 'learning_rate': 0.0005076461374825626, 'epoch': 0.51}
{'loss': 0.8224, 'grad_norm': 0.20871521532535553, 'learning_rate': 0.0005054616310446795, 'epoch': 0.51}
{'loss': 0.8466, 'grad_norm': 0.270133912563324, 'learning_rate': 0.0005032770203357742, 'epoch': 0.51}
{'loss': 0.8187, 'grad_norm': 0.29984933137893677, 'learning_rate': 0.000501092347063459, 'epoch': 0.51}
{'loss': 0.8185, 'grad_norm': 0.24127985537052155, 'learning_rate': 0.0004989076529365411, 'epoch': 0.52}
{'loss': 0.8087, 'grad_norm': 0.33007827401161194, 'learning_rate': 0.0004967229796642258, 'epoch': 0.52}
{'loss': 0.8148, 'grad_norm': 0.22939394414424896, 'learning_rate': 0.0004945383689553205, 'epoch': 0.52}
{'loss': 0.7937, 'grad_norm': 0.17445193231105804, 'learning_rate': 0.0004923538625174374, 'epoch': 0.52}
{'loss': 0.7987, 'grad_norm': 0.23453466594219208, 'learning_rate': 0.000490169502056199, 'epoch': 0.52}
{'loss': 0.8508, 'grad_norm': 0.30532169342041016, 'learning_rate': 0.0004879853292744398, 'epoch': 0.52}
{'loss': 0.8376, 'grad_norm': 0.17320668697357178, 'learning_rate': 0.0004858013858714121, 'epoch': 0.52}
{'loss': 0.7687, 'grad_norm': 0.2198808342218399, 'learning_rate': 0.00048361771354198894, 'epoch': 0.53}
{'loss': 0.8356, 'grad_norm': 0.28344571590423584, 'learning_rate': 0.00048143435397586743, 'epoch': 0.53}
{'loss': 0.8409, 'grad_norm': 0.22663839161396027, 'learning_rate': 0.00047925134885677434, 'epoch': 0.53}
{'loss': 0.8086, 'grad_norm': 0.1440221667289734, 'learning_rate': 0.00047706873986166903, 'epoch': 0.53}
{'loss': 0.8077, 'grad_norm': 0.22040104866027832, 'learning_rate': 0.0004748865686599483, 'epoch': 0.53}
{'loss': 0.8134, 'grad_norm': 0.22072270512580872, 'learning_rate': 0.00047270487691265095, 'epoch': 0.53}
{'loss': 0.7949, 'grad_norm': 0.2261432260274887, 'learning_rate': 0.000470523706271662, 'epoch': 0.53}
{'loss': 0.8012, 'grad_norm': 0.16110412776470184, 'learning_rate': 0.0004683430983789182, 'epoch': 0.53}
{'loss': 0.8155, 'grad_norm': 0.24395480751991272, 'learning_rate': 0.00046616309486561186, 'epoch': 0.54}
{'loss': 0.8159, 'grad_norm': 0.20338177680969238, 'learning_rate': 0.00046398373735139756, 'epoch': 0.54}
{'loss': 0.8474, 'grad_norm': 0.23151324689388275, 'learning_rate': 0.00046180506744359604, 'epoch': 0.54}
{'loss': 0.7741, 'grad_norm': 0.22700591385364532, 'learning_rate': 0.00045962712673640105, 'epoch': 0.54}
{'loss': 0.8048, 'grad_norm': 0.20386677980422974, 'learning_rate': 0.00045744995681008425, 'epoch': 0.54}
{'loss': 0.7896, 'grad_norm': 0.21675361692905426, 'learning_rate': 0.00045527359923020275, 'epoch': 0.54}
{'loss': 0.8207, 'grad_norm': 0.25203603506088257, 'learning_rate': 0.00045309809554680384, 'epoch': 0.54}
{'loss': 0.8074, 'grad_norm': 0.2006998062133789, 'learning_rate': 0.00045092348729363306, 'epoch': 0.55}
{'loss': 0.7945, 'grad_norm': 0.22074325382709503, 'learning_rate': 0.0004487498159873407, 'epoch': 0.55}
{'loss': 0.8161, 'grad_norm': 0.20764444768428802, 'learning_rate': 0.00044657712312668916, 'epoch': 0.55}
{'loss': 0.7896, 'grad_norm': 0.23607173562049866, 'learning_rate': 0.00044440545019176097, 'epoch': 0.55}
{'loss': 0.7717, 'grad_norm': 0.1798602044582367, 'learning_rate': 0.0004422348386431665, 'epoch': 0.55}
{'loss': 0.7957, 'grad_norm': 0.20058505237102509, 'learning_rate': 0.0004400653299212529, 'epoch': 0.55}
{'loss': 0.8197, 'grad_norm': 0.2107197344303131, 'learning_rate': 0.00043789696544531236, 'epoch': 0.55}
{'loss': 0.8379, 'grad_norm': 0.2809656858444214, 'learning_rate': 0.00043572978661279166, 'epoch': 0.55}
{'loss': 0.8055, 'grad_norm': 0.1744520366191864, 'learning_rate': 0.00043356383479850206, 'epoch': 0.56}
{'loss': 0.8026, 'grad_norm': 0.24923072755336761, 'learning_rate': 0.0004313991513538287, 'epoch': 0.56}
{'loss': 0.8436, 'grad_norm': 0.19216370582580566, 'learning_rate': 0.00042923577760594207, 'epoch': 0.56}
{'loss': 0.809, 'grad_norm': 0.20374752581119537, 'learning_rate': 0.0004270737548570083, 'epoch': 0.56}
{'loss': 0.8506, 'grad_norm': 0.19829271733760834, 'learning_rate': 0.00042491312438340073, 'epoch': 0.56}
{'loss': 0.8342, 'grad_norm': 0.18097874522209167, 'learning_rate': 0.0004227539274349121, 'epoch': 0.56}
{'loss': 0.8217, 'grad_norm': 0.1917288601398468, 'learning_rate': 0.00042059620523396694, 'epoch': 0.56}
{'loss': 0.8135, 'grad_norm': 0.2216162234544754, 'learning_rate': 0.00041843999897483465, 'epoch': 0.57}
{'loss': 0.8069, 'grad_norm': 0.1766507774591446, 'learning_rate': 0.00041628534982284264, 'epoch': 0.57}
{'loss': 0.8267, 'grad_norm': 0.2132047712802887, 'learning_rate': 0.00041413229891359114, 'epoch': 0.57}
{'loss': 0.8528, 'grad_norm': 0.2154889553785324, 'learning_rate': 0.000411980887352167, 'epoch': 0.57}
{'loss': 0.7809, 'grad_norm': 0.2159019112586975, 'learning_rate': 0.0004098311562123598, 'epoch': 0.57}
{'loss': 0.8118, 'grad_norm': 0.1676798015832901, 'learning_rate': 0.0004076831465358769, 'epoch': 0.57}
{'loss': 0.8104, 'grad_norm': 0.2047908753156662, 'learning_rate': 0.00040553689933156046, 'epoch': 0.57}
{'loss': 0.8167, 'grad_norm': 0.23386700451374054, 'learning_rate': 0.0004033924555746045, 'epoch': 0.57}
{'loss': 0.7984, 'grad_norm': 0.17343540489673615, 'learning_rate': 0.0004012498562057718, 'epoch': 0.58}
{'loss': 0.7822, 'grad_norm': 0.16988413035869598, 'learning_rate': 0.0003991091421306137, 'epoch': 0.58}
{'loss': 0.7929, 'grad_norm': 0.20694853365421295, 'learning_rate': 0.00039697035421868755, 'epoch': 0.58}
{'loss': 0.8191, 'grad_norm': 0.20669510960578918, 'learning_rate': 0.00039483353330277795, 'epoch': 0.58}
{'loss': 0.7951, 'grad_norm': 0.18397220969200134, 'learning_rate': 0.0003926987201781161, 'epoch': 0.58}
{'loss': 0.8077, 'grad_norm': 0.19722357392311096, 'learning_rate': 0.0003905659556016014, 'epoch': 0.58}
{'loss': 0.7848, 'grad_norm': 0.18811596930027008, 'learning_rate': 0.00038843528029102326, 'epoch': 0.58}
{'loss': 0.7703, 'grad_norm': 0.20790573954582214, 'learning_rate': 0.0003863067349242839, 'epoch': 0.59}
{'loss': 0.8414, 'grad_norm': 0.184198260307312, 'learning_rate': 0.00038418036013862164, 'epoch': 0.59}
{'loss': 0.789, 'grad_norm': 0.23220497369766235, 'learning_rate': 0.00038205619652983465, 'epoch': 0.59}
{'loss': 0.8106, 'grad_norm': 0.18844102323055267, 'learning_rate': 0.0003799342846515068, 'epoch': 0.59}
{'loss': 0.7852, 'grad_norm': 0.1905333548784256, 'learning_rate': 0.00037781466501423235, 'epoch': 0.59}
{'loss': 0.8068, 'grad_norm': 0.20486289262771606, 'learning_rate': 0.00037569737808484385, 'epoch': 0.59}
{'loss': 0.7902, 'grad_norm': 0.2073291540145874, 'learning_rate': 0.0003735824642856384, 'epoch': 0.59}
{'loss': 0.8224, 'grad_norm': 0.18736357986927032, 'learning_rate': 0.0003714699639936061, 'epoch': 0.6}
{'loss': 0.7822, 'grad_norm': 0.20792579650878906, 'learning_rate': 0.00036935991753966, 'epoch': 0.6}
{'loss': 0.7908, 'grad_norm': 0.20258304476737976, 'learning_rate': 0.0003672523652078652, 'epoch': 0.6}
{'loss': 0.8207, 'grad_norm': 0.24134664237499237, 'learning_rate': 0.00036514734723467034, 'epoch': 0.6}
{'loss': 0.8052, 'grad_norm': 0.1918296068906784, 'learning_rate': 0.00036304490380813904, 'epoch': 0.6}
{'loss': 0.7739, 'grad_norm': 0.21656674146652222, 'learning_rate': 0.0003609450750671829, 'epoch': 0.6}
{'loss': 0.802, 'grad_norm': 0.23845450580120087, 'learning_rate': 0.00035884790110079514, 'epoch': 0.6}
{'loss': 0.8011, 'grad_norm': 0.19675420224666595, 'learning_rate': 0.00035675342194728524, 'epoch': 0.6}
{'loss': 0.8219, 'grad_norm': 0.19040681421756744, 'learning_rate': 0.0003546616775935144, 'epoch': 0.61}
{'loss': 0.8287, 'grad_norm': 0.2070099413394928, 'learning_rate': 0.000352572707974132, 'epoch': 0.61}
{'loss': 0.7833, 'grad_norm': 0.2179287225008011, 'learning_rate': 0.0003504865529708143, 'epoch': 0.61}
{'loss': 0.7823, 'grad_norm': 0.18889781832695007, 'learning_rate': 0.0003484032524115014, 'epoch': 0.61}
{'loss': 0.7995, 'grad_norm': 0.24436014890670776, 'learning_rate': 0.00034632284606963767, 'epoch': 0.61}
{'loss': 0.8116, 'grad_norm': 0.2685930132865906, 'learning_rate': 0.0003442453736634127, 'epoch': 0.61}
{'loss': 0.8202, 'grad_norm': 0.18666934967041016, 'learning_rate': 0.00034217087485500234, 'epoch': 0.61}
{'loss': 0.8203, 'grad_norm': 0.23324896395206451, 'learning_rate': 0.0003400993892498122, 'epoch': 0.62}
{'loss': 0.8185, 'grad_norm': 0.1783261001110077, 'learning_rate': 0.0003380309563957208, 'epoch': 0.62}
{'loss': 0.7939, 'grad_norm': 0.22111545503139496, 'learning_rate': 0.00033596561578232533, 'epoch': 0.62}
{'loss': 0.8068, 'grad_norm': 0.20827831327915192, 'learning_rate': 0.0003339034068401868, 'epoch': 0.62}
{'loss': 0.7994, 'grad_norm': 0.2293781042098999, 'learning_rate': 0.0003318443689400781, 'epoch': 0.62}
{'loss': 0.7903, 'grad_norm': 0.26325348019599915, 'learning_rate': 0.00032978854139223185, 'epoch': 0.62}
{'loss': 0.7868, 'grad_norm': 0.18215271830558777, 'learning_rate': 0.0003277359634455902, 'epoch': 0.62}
{'loss': 0.8288, 'grad_norm': 0.21614991128444672, 'learning_rate': 0.00032568667428705506, 'epoch': 0.62}
{'loss': 0.8452, 'grad_norm': 0.222661554813385, 'learning_rate': 0.0003236407130407407, 'epoch': 0.63}
{'loss': 0.8146, 'grad_norm': 0.24623674154281616, 'learning_rate': 0.0003215981187672261, 'epoch': 0.63}
{'loss': 0.8284, 'grad_norm': 0.1707763522863388, 'learning_rate': 0.0003195589304628095, 'epoch': 0.63}
{'loss': 0.8057, 'grad_norm': 0.18099407851696014, 'learning_rate': 0.00031752318705876404, 'epoch': 0.63}
{'loss': 0.7693, 'grad_norm': 0.16845522820949554, 'learning_rate': 0.000315490927420594, 'epoch': 0.63}
{'loss': 0.7947, 'grad_norm': 0.20877321064472198, 'learning_rate': 0.00031346219034729384, 'epoch': 0.63}
{'loss': 0.8405, 'grad_norm': 0.19087083637714386, 'learning_rate': 0.000311437014570606, 'epoch': 0.63}
{'loss': 0.8105, 'grad_norm': 0.1859865039587021, 'learning_rate': 0.0003094154387542827, 'epoch': 0.64}
{'loss': 0.7919, 'grad_norm': 0.1642574667930603, 'learning_rate': 0.00030739750149334734, 'epoch': 0.64}
{'loss': 0.7891, 'grad_norm': 0.18590731918811798, 'learning_rate': 0.00030538324131335726, 'epoch': 0.64}
{'loss': 0.8079, 'grad_norm': 0.2045537531375885, 'learning_rate': 0.00030337269666966916, 'epoch': 0.64}
{'loss': 0.8118, 'grad_norm': 0.19158333539962769, 'learning_rate': 0.0003013659059467039, 'epoch': 0.64}
{'loss': 0.7841, 'grad_norm': 0.1806207299232483, 'learning_rate': 0.0002993629074572144, 'epoch': 0.64}
{'loss': 0.7812, 'grad_norm': 0.2468828707933426, 'learning_rate': 0.00029736373944155414, 'epoch': 0.64}
{'loss': 0.7743, 'grad_norm': 0.16749948263168335, 'learning_rate': 0.0002953684400669464, 'epoch': 0.65}
{'loss': 0.7869, 'grad_norm': 0.19279494881629944, 'learning_rate': 0.00029337704742675647, 'epoch': 0.65}
{'loss': 0.7832, 'grad_norm': 0.21282170712947845, 'learning_rate': 0.0002913895995397639, 'epoch': 0.65}
{'loss': 0.81, 'grad_norm': 0.2260083109140396, 'learning_rate': 0.0002894061343494366, 'epoch': 0.65}
{'loss': 0.7821, 'grad_norm': 0.18624509871006012, 'learning_rate': 0.00028742668972320706, 'epoch': 0.65}
{'loss': 0.8075, 'grad_norm': 0.21276135742664337, 'learning_rate': 0.00028545130345174863, 'epoch': 0.65}
{'loss': 0.814, 'grad_norm': 0.21670018136501312, 'learning_rate': 0.0002834800132482544, 'epoch': 0.65}
{'loss': 0.8265, 'grad_norm': 0.20117586851119995, 'learning_rate': 0.00028151285674771686, 'epoch': 0.65}
{'loss': 0.8136, 'grad_norm': 0.22471323609352112, 'learning_rate': 0.0002795498715062105, 'epoch': 0.66}
{'loss': 0.774, 'grad_norm': 0.17001251876354218, 'learning_rate': 0.00027759109500017303, 'epoch': 0.66}
{'loss': 0.7958, 'grad_norm': 0.17930322885513306, 'learning_rate': 0.00027563656462569174, 'epoch': 0.66}
{'loss': 0.7949, 'grad_norm': 0.22130697965621948, 'learning_rate': 0.0002736863176977882, 'epoch': 0.66}
{'loss': 0.8017, 'grad_norm': 0.18067049980163574, 'learning_rate': 0.0002717403914497061, 'epoch': 0.66}
{'loss': 0.7989, 'grad_norm': 0.17002645134925842, 'learning_rate': 0.000269798823032201, 'epoch': 0.66}
{'loss': 0.7995, 'grad_norm': 0.15293890237808228, 'learning_rate': 0.0002678616495128309, 'epoch': 0.66}
{'loss': 0.8337, 'grad_norm': 0.19463294744491577, 'learning_rate': 0.0002659289078752479, 'epoch': 0.67}
{'loss': 0.8159, 'grad_norm': 0.18324260413646698, 'learning_rate': 0.00026400063501849283, 'epoch': 0.67}
{'loss': 0.8112, 'grad_norm': 0.18338456749916077, 'learning_rate': 0.00026207686775629025, 'epoch': 0.67}
{'loss': 0.7937, 'grad_norm': 0.17554664611816406, 'learning_rate': 0.0002601576428163466, 'epoch': 0.67}
{'loss': 0.7913, 'grad_norm': 0.19539767503738403, 'learning_rate': 0.00025824299683964777, 'epoch': 0.67}
{'loss': 0.8113, 'grad_norm': 0.1894250363111496, 'learning_rate': 0.0002563329663797602, 'epoch': 0.67}
{'loss': 0.7925, 'grad_norm': 0.20340795814990997, 'learning_rate': 0.00025442758790213273, 'epoch': 0.67}
{'loss': 0.7892, 'grad_norm': 0.22519844770431519, 'learning_rate': 0.0002525268977834013, 'epoch': 0.67}
{'loss': 0.8432, 'grad_norm': 0.179776132106781, 'learning_rate': 0.00025063093231069344, 'epoch': 0.68}
{'loss': 0.8144, 'grad_norm': 0.22376474738121033, 'learning_rate': 0.00024873972768093574, 'epoch': 0.68}
{'loss': 0.7784, 'grad_norm': 0.19816505908966064, 'learning_rate': 0.0002468533200001628, 'epoch': 0.68}
{'loss': 0.7762, 'grad_norm': 0.17300522327423096, 'learning_rate': 0.00024497174528282815, 'epoch': 0.68}
{'loss': 0.7864, 'grad_norm': 0.18823076784610748, 'learning_rate': 0.00024309503945111694, 'epoch': 0.68}
{'loss': 0.8131, 'grad_norm': 0.23633554577827454, 'learning_rate': 0.00024122323833425908, 'epoch': 0.68}
{'loss': 0.8574, 'grad_norm': 0.2346246838569641, 'learning_rate': 0.00023935637766784614, 'epoch': 0.68}
{'loss': 0.7926, 'grad_norm': 0.21265827119350433, 'learning_rate': 0.00023749449309314885, 'epoch': 0.69}
{'loss': 0.8033, 'grad_norm': 0.19334082305431366, 'learning_rate': 0.00023563762015643642, 'epoch': 0.69}
{'loss': 0.8028, 'grad_norm': 0.2067771852016449, 'learning_rate': 0.00023378579430829855, 'epoch': 0.69}
{'loss': 0.812, 'grad_norm': 0.20382535457611084, 'learning_rate': 0.00023193905090296778, 'epoch': 0.69}
{'loss': 0.77, 'grad_norm': 0.21664035320281982, 'learning_rate': 0.00023009742519764482, 'epoch': 0.69}
{'loss': 0.7905, 'grad_norm': 0.17548289895057678, 'learning_rate': 0.00022826095235182602, 'epoch': 0.69}
{'loss': 0.8239, 'grad_norm': 0.23040778934955597, 'learning_rate': 0.00022642966742663113, 'epoch': 0.69}
{'loss': 0.7687, 'grad_norm': 0.2259444147348404, 'learning_rate': 0.00022460360538413494, 'epoch': 0.69}
{'loss': 0.7981, 'grad_norm': 0.18428686261177063, 'learning_rate': 0.00022278280108669886, 'epoch': 0.7}
{'loss': 0.8186, 'grad_norm': 0.19480234384536743, 'learning_rate': 0.00022096728929630593, 'epoch': 0.7}
{'loss': 0.8037, 'grad_norm': 0.2074102908372879, 'learning_rate': 0.00021915710467389687, 'epoch': 0.7}
{'loss': 0.802, 'grad_norm': 0.20832113921642303, 'learning_rate': 0.00021735228177870893, 'epoch': 0.7}
{'loss': 0.784, 'grad_norm': 0.1863347589969635, 'learning_rate': 0.0002155528550676152, 'epoch': 0.7}
{'loss': 0.7916, 'grad_norm': 0.23009063303470612, 'learning_rate': 0.00021375885889446733, 'epoch': 0.7}
{'loss': 0.7964, 'grad_norm': 0.20958548784255981, 'learning_rate': 0.00021197032750943956, 'epoch': 0.7}
{'loss': 0.7693, 'grad_norm': 0.17933601140975952, 'learning_rate': 0.0002101872950583752, 'epoch': 0.71}
{'loss': 0.7998, 'grad_norm': 0.18295808136463165, 'learning_rate': 0.00020840979558213387, 'epoch': 0.71}
{'loss': 0.7726, 'grad_norm': 0.16165819764137268, 'learning_rate': 0.00020663786301594207, 'epoch': 0.71}
{'loss': 0.7771, 'grad_norm': 0.19692201912403107, 'learning_rate': 0.000204871531188746, 'epoch': 0.71}
{'loss': 0.8099, 'grad_norm': 0.1574474573135376, 'learning_rate': 0.00020311083382256424, 'epoch': 0.71}
{'loss': 0.7753, 'grad_norm': 0.17715954780578613, 'learning_rate': 0.00020135580453184543, 'epoch': 0.71}
{'loss': 0.7934, 'grad_norm': 0.18996331095695496, 'learning_rate': 0.00019960647682282546, 'epoch': 0.71}
{'loss': 0.7829, 'grad_norm': 0.1809251606464386, 'learning_rate': 0.00019786288409288816, 'epoch': 0.72}
{'loss': 0.7917, 'grad_norm': 0.16794249415397644, 'learning_rate': 0.00019612505962992782, 'epoch': 0.72}
{'loss': 0.7742, 'grad_norm': 0.1806015968322754, 'learning_rate': 0.00019439303661171337, 'epoch': 0.72}
{'loss': 0.7638, 'grad_norm': 0.19376572966575623, 'learning_rate': 0.0001926668481052556, 'epoch': 0.72}
{'loss': 0.7784, 'grad_norm': 0.18882378935813904, 'learning_rate': 0.00019094652706617488, 'epoch': 0.72}
{'loss': 0.7901, 'grad_norm': 0.18839281797409058, 'learning_rate': 0.00018923210633807288, 'epoch': 0.72}
{'loss': 0.7982, 'grad_norm': 0.20951750874519348, 'learning_rate': 0.00018752361865190465, 'epoch': 0.72}
{'loss': 0.7815, 'grad_norm': 0.16957789659500122, 'learning_rate': 0.00018582109662535496, 'epoch': 0.72}
{'loss': 0.8004, 'grad_norm': 0.20744208991527557, 'learning_rate': 0.00018412457276221467, 'epoch': 0.73}
{'loss': 0.8264, 'grad_norm': 0.18761813640594482, 'learning_rate': 0.00018243407945175999, 'epoch': 0.73}
{'loss': 0.7845, 'grad_norm': 0.18884889781475067, 'learning_rate': 0.00018074964896813478, 'epoch': 0.73}
{'loss': 0.8294, 'grad_norm': 0.21611054241657257, 'learning_rate': 0.00017907131346973394, 'epoch': 0.73}
{'loss': 0.8366, 'grad_norm': 0.18446366488933563, 'learning_rate': 0.00017739910499859019, 'epoch': 0.73}
{'loss': 0.814, 'grad_norm': 0.23132126033306122, 'learning_rate': 0.0001757330554797611, 'epoch': 0.73}
{'loss': 0.7892, 'grad_norm': 0.16060519218444824, 'learning_rate': 0.0001740731967207206, 'epoch': 0.73}
{'loss': 0.8178, 'grad_norm': 0.15707634389400482, 'learning_rate': 0.00017241956041075113, 'epoch': 0.74}
{'loss': 0.8087, 'grad_norm': 0.171498641371727, 'learning_rate': 0.00017077217812033952, 'epoch': 0.74}
{'loss': 0.8078, 'grad_norm': 0.19904465973377228, 'learning_rate': 0.00016913108130057304, 'epoch': 0.74}
{'loss': 0.8077, 'grad_norm': 0.19173921644687653, 'learning_rate': 0.0001674963012825398, 'epoch': 0.74}
{'loss': 0.8149, 'grad_norm': 0.15549267828464508, 'learning_rate': 0.0001658678692767302, 'epoch': 0.74}
{'loss': 0.8348, 'grad_norm': 0.1687408834695816, 'learning_rate': 0.00016424581637244158, 'epoch': 0.74}
{'loss': 0.7767, 'grad_norm': 0.17740219831466675, 'learning_rate': 0.0001626301735371838, 'epoch': 0.74}
{'loss': 0.7806, 'grad_norm': 0.19412317872047424, 'learning_rate': 0.00016102097161608915, 'epoch': 0.74}
{'loss': 0.7933, 'grad_norm': 0.19119542837142944, 'learning_rate': 0.00015941824133132242, 'epoch': 0.75}
{'loss': 0.8044, 'grad_norm': 0.16617737710475922, 'learning_rate': 0.00015782201328149492, 'epoch': 0.75}
{'loss': 0.7933, 'grad_norm': 0.20746321976184845, 'learning_rate': 0.00015623231794107995, 'epoch': 0.75}
{'loss': 0.7994, 'grad_norm': 0.16562625765800476, 'learning_rate': 0.00015464918565983194, 'epoch': 0.75}
{'loss': 0.8347, 'grad_norm': 0.19036613404750824, 'learning_rate': 0.0001530726466622056, 'epoch': 0.75}
{'loss': 0.7952, 'grad_norm': 0.18507368862628937, 'learning_rate': 0.00015150273104677997, 'epoch': 0.75}
{'loss': 0.7815, 'grad_norm': 0.1958571821451187, 'learning_rate': 0.00014993946878568315, 'epoch': 0.75}
{'loss': 0.7789, 'grad_norm': 0.20930808782577515, 'learning_rate': 0.00014838288972402087, 'epoch': 0.76}
{'loss': 0.7635, 'grad_norm': 0.182301327586174, 'learning_rate': 0.0001468330235793058, 'epoch': 0.76}
{'loss': 0.7919, 'grad_norm': 0.17756003141403198, 'learning_rate': 0.00014528989994089042, 'epoch': 0.76}
{'loss': 0.7878, 'grad_norm': 0.14944949746131897, 'learning_rate': 0.00014375354826940296, 'epoch': 0.76}
{'loss': 0.7905, 'grad_norm': 0.19328908622264862, 'learning_rate': 0.00014222399789618352, 'epoch': 0.76}
{'loss': 0.8077, 'grad_norm': 0.2204039990901947, 'learning_rate': 0.00014070127802272552, 'epoch': 0.76}
{'loss': 0.7727, 'grad_norm': 0.18710412085056305, 'learning_rate': 0.00013918541772011713, 'epoch': 0.76}
{'loss': 0.8065, 'grad_norm': 0.16741794347763062, 'learning_rate': 0.00013767644592848662, 'epoch': 0.76}
{'loss': 0.7861, 'grad_norm': 0.1350906789302826, 'learning_rate': 0.00013617439145645005, 'epoch': 0.77}
{'loss': 0.7671, 'grad_norm': 0.17255264520645142, 'learning_rate': 0.00013467928298056098, 'epoch': 0.77}
{'loss': 0.8309, 'grad_norm': 0.22930118441581726, 'learning_rate': 0.00013319114904476343, 'epoch': 0.77}
{'loss': 0.8086, 'grad_norm': 0.2089366614818573, 'learning_rate': 0.00013171001805984612, 'epoch': 0.77}
{'loss': 0.8021, 'grad_norm': 0.16547013819217682, 'learning_rate': 0.00013023591830290098, 'epoch': 0.77}
{'loss': 0.8116, 'grad_norm': 0.1643788367509842, 'learning_rate': 0.00012876887791678243, 'epoch': 0.77}
{'loss': 0.7853, 'grad_norm': 0.22124934196472168, 'learning_rate': 0.00012730892490957096, 'epoch': 0.77}
{'loss': 0.792, 'grad_norm': 0.17277906835079193, 'learning_rate': 0.000125856087154038, 'epoch': 0.78}
{'loss': 0.7764, 'grad_norm': 0.20153777301311493, 'learning_rate': 0.00012441039238711343, 'epoch': 0.78}
{'loss': 0.8033, 'grad_norm': 0.2077302485704422, 'learning_rate': 0.00012297186820935658, 'epoch': 0.78}
{'loss': 0.7929, 'grad_norm': 0.19372451305389404, 'learning_rate': 0.00012154054208442889, 'epoch': 0.78}
{'loss': 0.7829, 'grad_norm': 0.16552242636680603, 'learning_rate': 0.0001201164413385702, 'epoch': 0.78}
{'loss': 0.7924, 'grad_norm': 0.1796056032180786, 'learning_rate': 0.00011869959316007634, 'epoch': 0.78}
{'loss': 0.7917, 'grad_norm': 0.18777529895305634, 'learning_rate': 0.0001172900245987803, 'epoch': 0.78}
{'loss': 0.8217, 'grad_norm': 0.2025246024131775, 'learning_rate': 0.00011588776256553595, 'epoch': 0.79}
{'loss': 0.7812, 'grad_norm': 0.1766303926706314, 'learning_rate': 0.00011449283383170445, 'epoch': 0.79}
{'loss': 0.8275, 'grad_norm': 0.199630007147789, 'learning_rate': 0.00011310526502864249, 'epoch': 0.79}
{'loss': 0.7853, 'grad_norm': 0.20976117253303528, 'learning_rate': 0.00011172508264719439, 'epoch': 0.79}
{'loss': 0.7775, 'grad_norm': 0.16256330907344818, 'learning_rate': 0.00011035231303718629, 'epoch': 0.79}
{'loss': 0.7809, 'grad_norm': 0.20811091363430023, 'learning_rate': 0.00010898698240692273, 'epoch': 0.79}
{'loss': 0.7549, 'grad_norm': 0.21928606927394867, 'learning_rate': 0.00010762911682268695, 'epoch': 0.79}
{'loss': 0.7855, 'grad_norm': 0.1740245670080185, 'learning_rate': 0.0001062787422082428, 'epoch': 0.79}
{'loss': 0.8187, 'grad_norm': 0.17939114570617676, 'learning_rate': 0.00010493588434433964, 'epoch': 0.8}
{'loss': 0.7879, 'grad_norm': 0.21833784878253937, 'learning_rate': 0.0001036005688682205, 'epoch': 0.8}
{'loss': 0.7654, 'grad_norm': 0.18720097839832306, 'learning_rate': 0.00010227282127313237, 'epoch': 0.8}
{'loss': 0.7709, 'grad_norm': 0.16397491097450256, 'learning_rate': 0.00010095266690784005, 'epoch': 0.8}
{'loss': 0.7957, 'grad_norm': 0.19419237971305847, 'learning_rate': 9.964013097614145e-05, 'epoch': 0.8}
{'loss': 0.8058, 'grad_norm': 0.1825171858072281, 'learning_rate': 9.83352385363867e-05, 'epoch': 0.8}
{'loss': 0.7764, 'grad_norm': 0.16546885669231415, 'learning_rate': 9.703801450099986e-05, 'epoch': 0.8}
{'loss': 0.8031, 'grad_norm': 0.1609078049659729, 'learning_rate': 9.574848363600347e-05, 'epoch': 0.81}
{'loss': 0.8247, 'grad_norm': 0.15108275413513184, 'learning_rate': 9.446667056054526e-05, 'epoch': 0.81}
{'loss': 0.787, 'grad_norm': 0.14601685106754303, 'learning_rate': 9.319259974642819e-05, 'epoch': 0.81}
{'loss': 0.8195, 'grad_norm': 0.168253093957901, 'learning_rate': 9.192629551764393e-05, 'epoch': 0.81}
{'loss': 0.7962, 'grad_norm': 0.14471115171909332, 'learning_rate': 9.066778204990745e-05, 'epoch': 0.81}
{'loss': 0.798, 'grad_norm': 0.1766916960477829, 'learning_rate': 8.941708337019638e-05, 'epoch': 0.81}
{'loss': 0.8067, 'grad_norm': 0.16417086124420166, 'learning_rate': 8.817422335629177e-05, 'epoch': 0.81}
{'loss': 0.8148, 'grad_norm': 0.20661859214305878, 'learning_rate': 8.693922573632224e-05, 'epoch': 0.81}
{'loss': 0.76, 'grad_norm': 0.1707078516483307, 'learning_rate': 8.57121140883112e-05, 'epoch': 0.82}
{'loss': 0.8033, 'grad_norm': 0.19426822662353516, 'learning_rate': 8.449291183972646e-05, 'epoch': 0.82}
{'loss': 0.8194, 'grad_norm': 0.15873144567012787, 'learning_rate': 8.328164226703344e-05, 'epoch': 0.82}
{'loss': 0.7481, 'grad_norm': 0.15782104432582855, 'learning_rate': 8.20783284952502e-05, 'epoch': 0.82}
{'loss': 0.7667, 'grad_norm': 0.14683109521865845, 'learning_rate': 8.088299349750627e-05, 'epoch': 0.82}
{'loss': 0.7827, 'grad_norm': 0.21547478437423706, 'learning_rate': 7.969566009460372e-05, 'epoch': 0.82}
{'loss': 0.7945, 'grad_norm': 0.18636803328990936, 'learning_rate': 7.851635095458225e-05, 'epoch': 0.82}
{'loss': 0.7595, 'grad_norm': 0.14725135266780853, 'learning_rate': 7.734508859228562e-05, 'epoch': 0.83}
{'loss': 0.8169, 'grad_norm': 0.1699773669242859, 'learning_rate': 7.618189536893216e-05, 'epoch': 0.83}
{'loss': 0.7883, 'grad_norm': 0.14480414986610413, 'learning_rate': 7.502679349168768e-05, 'epoch': 0.83}
{'loss': 0.8038, 'grad_norm': 0.17984411120414734, 'learning_rate': 7.38798050132416e-05, 'epoch': 0.83}
{'loss': 0.8067, 'grad_norm': 0.17555128037929535, 'learning_rate': 7.274095183138634e-05, 'epoch': 0.83}
{'loss': 0.8133, 'grad_norm': 0.18558844923973083, 'learning_rate': 7.161025568859841e-05, 'epoch': 0.83}
{'loss': 0.8122, 'grad_norm': 0.16850140690803528, 'learning_rate': 7.048773817162408e-05, 'epoch': 0.83}
{'loss': 0.8168, 'grad_norm': 0.15982353687286377, 'learning_rate': 6.937342071106656e-05, 'epoch': 0.83}
{'loss': 0.7964, 'grad_norm': 0.1556006520986557, 'learning_rate': 6.826732458097778e-05, 'epoch': 0.84}
{'loss': 0.8223, 'grad_norm': 0.17292653024196625, 'learning_rate': 6.716947089845133e-05, 'epoch': 0.84}
{'loss': 0.8084, 'grad_norm': 0.1833939105272293, 'learning_rate': 6.607988062321973e-05, 'epoch': 0.84}
{'loss': 0.8222, 'grad_norm': 0.16172856092453003, 'learning_rate': 6.499857455725417e-05, 'epoch': 0.84}
{'loss': 0.7958, 'grad_norm': 0.14944440126419067, 'learning_rate': 6.392557334436754e-05, 'epoch': 0.84}
{'loss': 0.8071, 'grad_norm': 0.1681603193283081, 'learning_rate': 6.286089746982032e-05, 'epoch': 0.84}
{'loss': 0.8126, 'grad_norm': 0.14869004487991333, 'learning_rate': 6.1804567259929e-05, 'epoch': 0.84}
{'loss': 0.8342, 'grad_norm': 0.1859038919210434, 'learning_rate': 6.0756602881678505e-05, 'epoch': 0.85}
{'loss': 0.7916, 'grad_norm': 0.20137645304203033, 'learning_rate': 5.9717024342337056e-05, 'epoch': 0.85}
{'loss': 0.7725, 'grad_norm': 0.18468838930130005, 'learning_rate': 5.8685851489074126e-05, 'epoch': 0.85}
{'loss': 0.8119, 'grad_norm': 0.18505994975566864, 'learning_rate': 5.766310400858177e-05, 'epoch': 0.85}
{'loss': 0.7984, 'grad_norm': 0.1504802703857422, 'learning_rate': 5.664880142669837e-05, 'epoch': 0.85}
{'loss': 0.8254, 'grad_norm': 0.16702298820018768, 'learning_rate': 5.5642963108036126e-05, 'epoch': 0.85}
{'loss': 0.7925, 'grad_norm': 0.18210574984550476, 'learning_rate': 5.4645608255611266e-05, 'epoch': 0.85}
{'loss': 0.7851, 'grad_norm': 0.15510785579681396, 'learning_rate': 5.3656755910477695e-05, 'epoch': 0.86}
{'loss': 0.7916, 'grad_norm': 0.16671183705329895, 'learning_rate': 5.2676424951362986e-05, 'epoch': 0.86}
{'loss': 0.7916, 'grad_norm': 0.16854742169380188, 'learning_rate': 5.17046340943082e-05, 'epoch': 0.86}
{'loss': 0.8273, 'grad_norm': 0.18117842078208923, 'learning_rate': 5.0741401892310915e-05, 'epoch': 0.86}
{'loss': 0.7935, 'grad_norm': 0.1703963428735733, 'learning_rate': 4.978674673497019e-05, 'epoch': 0.86}
{'loss': 0.779, 'grad_norm': 0.17499105632305145, 'learning_rate': 4.884068684813647e-05, 'epoch': 0.86}
{'loss': 0.8138, 'grad_norm': 0.19553717970848083, 'learning_rate': 4.79032402935628e-05, 'epoch': 0.86}
{'loss': 0.8097, 'grad_norm': 0.2150810807943344, 'learning_rate': 4.697442496856047e-05, 'epoch': 0.86}
{'loss': 0.8001, 'grad_norm': 0.1484052836894989, 'learning_rate': 4.6054258605656986e-05, 'epoch': 0.87}
{'loss': 0.7999, 'grad_norm': 0.16360092163085938, 'learning_rate': 4.5142758772258094e-05, 'epoch': 0.87}
{'loss': 0.7893, 'grad_norm': 0.147605299949646, 'learning_rate': 4.423994287031174e-05, 'epoch': 0.87}
{'loss': 0.8154, 'grad_norm': 0.17923039197921753, 'learning_rate': 4.334582813597621e-05, 'epoch': 0.87}
{'loss': 0.7536, 'grad_norm': 0.13994506001472473, 'learning_rate': 4.2460431639290916e-05, 'epoch': 0.87}
{'loss': 0.7906, 'grad_norm': 0.17892229557037354, 'learning_rate': 4.1583770283850686e-05, 'epoch': 0.87}
{'loss': 0.7902, 'grad_norm': 0.15471893548965454, 'learning_rate': 4.071586080648293e-05, 'epoch': 0.87}
{'loss': 0.7584, 'grad_norm': 0.15311618149280548, 'learning_rate': 3.985671977692795e-05, 'epoch': 0.88}
{'loss': 0.798, 'grad_norm': 0.2174159735441208, 'learning_rate': 3.9006363597522966e-05, 'epoch': 0.88}
{'loss': 0.7758, 'grad_norm': 0.17802061140537262, 'learning_rate': 3.816480850288862e-05, 'epoch': 0.88}
{'loss': 0.7997, 'grad_norm': 0.16990552842617035, 'learning_rate': 3.733207055961907e-05, 'epoch': 0.88}
{'loss': 0.7995, 'grad_norm': 0.14824657142162323, 'learning_rate': 3.65081656659757e-05, 'epoch': 0.88}
{'loss': 0.7974, 'grad_norm': 0.19435156881809235, 'learning_rate': 3.5693109551582946e-05, 'epoch': 0.88}
{'loss': 0.7866, 'grad_norm': 0.16338907182216644, 'learning_rate': 3.4886917777128436e-05, 'epoch': 0.88}
{'loss': 0.7928, 'grad_norm': 0.19236107170581818, 'learning_rate': 3.408960573406555e-05, 'epoch': 0.88}
{'loss': 0.7884, 'grad_norm': 0.1427171230316162, 'learning_rate': 3.330118864432019e-05, 'epoch': 0.89}
{'loss': 0.8068, 'grad_norm': 0.17829646170139313, 'learning_rate': 3.252168155999957e-05, 'epoch': 0.89}
{'loss': 0.7958, 'grad_norm': 0.16475531458854675, 'learning_rate': 3.175109936310494e-05, 'epoch': 0.89}
{'loss': 0.7656, 'grad_norm': 0.16741874814033508, 'learning_rate': 3.098945676524773e-05, 'epoch': 0.89}
{'loss': 0.7667, 'grad_norm': 0.1557331681251526, 'learning_rate': 3.023676830736849e-05, 'epoch': 0.89}
{'loss': 0.7786, 'grad_norm': 0.17371319234371185, 'learning_rate': 2.9493048359459483e-05, 'epoch': 0.89}
{'loss': 0.8211, 'grad_norm': 0.16149817407131195, 'learning_rate': 2.875831112028998e-05, 'epoch': 0.89}
{'loss': 0.7701, 'grad_norm': 0.14967457950115204, 'learning_rate': 2.803257061713538e-05, 'epoch': 0.9}
{'loss': 0.823, 'grad_norm': 0.14996273815631866, 'learning_rate': 2.731584070550952e-05, 'epoch': 0.9}
{'loss': 0.7529, 'grad_norm': 0.1440785676240921, 'learning_rate': 2.660813506889992e-05, 'epoch': 0.9}
{'loss': 0.8175, 'grad_norm': 0.16970203816890717, 'learning_rate': 2.59094672185069e-05, 'epoch': 0.9}
{'loss': 0.7793, 'grad_norm': 0.15955978631973267, 'learning_rate': 2.5219850492985195e-05, 'epoch': 0.9}
{'loss': 0.7764, 'grad_norm': 0.17405693233013153, 'learning_rate': 2.4539298058189553e-05, 'epoch': 0.9}
{'loss': 0.797, 'grad_norm': 0.14839477837085724, 'learning_rate': 2.38678229069233e-05, 'epoch': 0.9}
{'loss': 0.7995, 'grad_norm': 0.1873611956834793, 'learning_rate': 2.320543785869045e-05, 'epoch': 0.9}
{'loss': 0.8159, 'grad_norm': 0.17617128789424896, 'learning_rate': 2.255215555945067e-05, 'epoch': 0.91}
{'loss': 0.8067, 'grad_norm': 0.15079432725906372, 'learning_rate': 2.1907988481377984e-05, 'epoch': 0.91}
{'loss': 0.7908, 'grad_norm': 0.18216614425182343, 'learning_rate': 2.127294892262288e-05, 'epoch': 0.91}
{'loss': 0.7717, 'grad_norm': 0.13740915060043335, 'learning_rate': 2.0647049007077145e-05, 'epoch': 0.91}
{'loss': 0.7632, 'grad_norm': 0.1560995727777481, 'learning_rate': 2.0030300684142745e-05, 'epoch': 0.91}
{'loss': 0.7986, 'grad_norm': 0.16896440088748932, 'learning_rate': 1.9422715728503294e-05, 'epoch': 0.91}
{'loss': 0.7831, 'grad_norm': 0.14012177288532257, 'learning_rate': 1.8824305739899684e-05, 'epoch': 0.91}
{'loss': 0.767, 'grad_norm': 0.15400852262973785, 'learning_rate': 1.82350821429082e-05, 'epoch': 0.92}
{'loss': 0.8188, 'grad_norm': 0.1727771908044815, 'learning_rate': 1.7655056186722975e-05, 'epoch': 0.92}
{'loss': 0.7854, 'grad_norm': 0.17135490477085114, 'learning_rate': 1.7084238944940654e-05, 'epoch': 0.92}
{'loss': 0.8292, 'grad_norm': 0.18687298893928528, 'learning_rate': 1.652264131534925e-05, 'epoch': 0.92}
{'loss': 0.7768, 'grad_norm': 0.1942700296640396, 'learning_rate': 1.5970274019720066e-05, 'epoch': 0.92}
{'loss': 0.7867, 'grad_norm': 0.14483125507831573, 'learning_rate': 1.5427147603602975e-05, 'epoch': 0.92}
{'loss': 0.8062, 'grad_norm': 0.1491652876138687, 'learning_rate': 1.4893272436125205e-05, 'epoch': 0.92}
{'loss': 0.7797, 'grad_norm': 0.15527842938899994, 'learning_rate': 1.4368658709793092e-05, 'epoch': 0.93}
{'loss': 0.7836, 'grad_norm': 0.16860489547252655, 'learning_rate': 1.3853316440297859e-05, 'epoch': 0.93}
{'loss': 0.7596, 'grad_norm': 0.14125150442123413, 'learning_rate': 1.3347255466324093e-05, 'epoch': 0.93}
{'loss': 0.8046, 'grad_norm': 0.19391611218452454, 'learning_rate': 1.285048544936196e-05, 'epoch': 0.93}
{'loss': 0.7849, 'grad_norm': 0.14644117653369904, 'learning_rate': 1.236301587352312e-05, 'epoch': 0.93}
{'loss': 0.7769, 'grad_norm': 0.158323734998703, 'learning_rate': 1.188485604535905e-05, 'epoch': 0.93}
{'loss': 0.7838, 'grad_norm': 0.16524623334407806, 'learning_rate': 1.1416015093683785e-05, 'epoch': 0.93}
{'loss': 0.7907, 'grad_norm': 0.15603815019130707, 'learning_rate': 1.0956501969399457e-05, 'epoch': 0.93}
{'loss': 0.7926, 'grad_norm': 0.1535479873418808, 'learning_rate': 1.0506325445325759e-05, 'epoch': 0.94}
{'loss': 0.782, 'grad_norm': 0.1614106148481369, 'learning_rate': 1.006549411603186e-05, 'epoch': 0.94}
{'loss': 0.8045, 'grad_norm': 0.1777908354997635, 'learning_rate': 9.634016397672807e-06, 'epoch': 0.94}
{'loss': 0.8154, 'grad_norm': 0.16570821404457092, 'learning_rate': 9.211900527828555e-06, 'epoch': 0.94}
{'loss': 0.7882, 'grad_norm': 0.15145106613636017, 'learning_rate': 8.799154565346912e-06, 'epoch': 0.94}
{'loss': 0.8155, 'grad_norm': 0.19287753105163574, 'learning_rate': 8.39578639018973e-06, 'epoch': 0.94}
{'loss': 0.7888, 'grad_norm': 0.13367959856987, 'learning_rate': 8.001803703282073e-06, 'epoch': 0.94}
{'loss': 0.8197, 'grad_norm': 0.14371837675571442, 'learning_rate': 7.617214026365615e-06, 'epoch': 0.95}
{'loss': 0.8014, 'grad_norm': 0.16061285138130188, 'learning_rate': 7.2420247018547545e-06, 'epoch': 0.95}
{'loss': 0.8152, 'grad_norm': 0.1691340059041977, 'learning_rate': 6.876242892696727e-06, 'epoch': 0.95}
{'loss': 0.7981, 'grad_norm': 0.16538585722446442, 'learning_rate': 6.5198755822345466e-06, 'epoch': 0.95}
{'loss': 0.783, 'grad_norm': 0.13602314889431, 'learning_rate': 6.172929574073893e-06, 'epoch': 0.95}
{'loss': 0.7435, 'grad_norm': 0.14055047929286957, 'learning_rate': 5.835411491953046e-06, 'epoch': 0.95}
{'loss': 0.808, 'grad_norm': 0.15929366648197174, 'learning_rate': 5.507327779616655e-06, 'epoch': 0.95}
{'loss': 0.7816, 'grad_norm': 0.14471563696861267, 'learning_rate': 5.188684700692503e-06, 'epoch': 0.95}
{'loss': 0.7956, 'grad_norm': 0.17450717091560364, 'learning_rate': 4.8794883385721024e-06, 'epoch': 0.96}
{'loss': 0.796, 'grad_norm': 0.16717806458473206, 'learning_rate': 4.579744596294344e-06, 'epoch': 0.96}
{'loss': 0.7411, 'grad_norm': 0.1460503488779068, 'learning_rate': 4.289459196433032e-06, 'epoch': 0.96}
{'loss': 0.8109, 'grad_norm': 0.15580670535564423, 'learning_rate': 4.008637680987415e-06, 'epoch': 0.96}
{'loss': 0.7624, 'grad_norm': 0.14634311199188232, 'learning_rate': 3.7372854112766586e-06, 'epoch': 0.96}
{'loss': 0.7847, 'grad_norm': 0.14865122735500336, 'learning_rate': 3.475407567837041e-06, 'epoch': 0.96}
{'loss': 0.8229, 'grad_norm': 0.19412977993488312, 'learning_rate': 3.223009150323586e-06, 'epoch': 0.96}
{'loss': 0.8053, 'grad_norm': 0.17443659901618958, 'learning_rate': 2.9800949774141385e-06, 'epoch': 0.97}
{'loss': 0.7957, 'grad_norm': 0.13000410795211792, 'learning_rate': 2.7466696867178285e-06, 'epoch': 0.97}
{'loss': 0.8001, 'grad_norm': 0.17118658125400543, 'learning_rate': 2.522737734685976e-06, 'epoch': 0.97}
{'loss': 0.841, 'grad_norm': 0.15155696868896484, 'learning_rate': 2.3083033965275444e-06, 'epoch': 0.97}
{'loss': 0.7928, 'grad_norm': 0.1595485359430313, 'learning_rate': 2.1033707661272105e-06, 'epoch': 0.97}
{'loss': 0.7892, 'grad_norm': 0.16439995169639587, 'learning_rate': 1.9079437559673675e-06, 'epoch': 0.97}
{'loss': 0.8292, 'grad_norm': 0.14201492071151733, 'learning_rate': 1.7220260970531309e-06, 'epoch': 0.97}
{'loss': 0.8151, 'grad_norm': 0.14799417555332184, 'learning_rate': 1.545621338841563e-06, 'epoch': 0.97}
{'loss': 0.8176, 'grad_norm': 0.18491578102111816, 'learning_rate': 1.3787328491735584e-06, 'epoch': 0.98}
{'loss': 0.7716, 'grad_norm': 0.1476578563451767, 'learning_rate': 1.221363814209675e-06, 'epoch': 0.98}
{'loss': 0.7457, 'grad_norm': 0.1417069137096405, 'learning_rate': 1.0735172383693481e-06, 'epoch': 0.98}
{'loss': 0.796, 'grad_norm': 0.1432211846113205, 'learning_rate': 9.35195944273326e-07, 'epoch': 0.98}
{'loss': 0.8068, 'grad_norm': 0.14582525193691254, 'learning_rate': 8.06402572690157e-07, 'epoch': 0.98}
{'loss': 0.7953, 'grad_norm': 0.1594381481409073, 'learning_rate': 6.871395824852855e-07, 'epoch': 0.98}
{'loss': 0.8228, 'grad_norm': 0.1710135042667389, 'learning_rate': 5.774092505745343e-07, 'epoch': 0.98}
{'loss': 0.7823, 'grad_norm': 0.15638843178749084, 'learning_rate': 4.77213671880472e-07, 'epoch': 0.99}
{'loss': 0.8347, 'grad_norm': 0.1635562777519226, 'learning_rate': 3.865547592923346e-07, 'epoch': 0.99}
{'loss': 0.7669, 'grad_norm': 0.1602090448141098, 'learning_rate': 3.054342436296098e-07, 'epoch': 0.99}
{'loss': 0.8288, 'grad_norm': 0.14573152363300323, 'learning_rate': 2.33853673609008e-07, 'epoch': 0.99}
{'loss': 0.8081, 'grad_norm': 0.15673495829105377, 'learning_rate': 1.7181441581481939e-07, 'epoch': 0.99}
{'loss': 0.7937, 'grad_norm': 0.1460418999195099, 'learning_rate': 1.1931765467282363e-07, 'epoch': 0.99}
{'loss': 0.759, 'grad_norm': 0.18206162750720978, 'learning_rate': 7.63643924278079e-08, 'epoch': 0.99}
{'loss': 0.7587, 'grad_norm': 0.13401709496974945, 'learning_rate': 4.295544912430449e-08, 'epoch': 1.0}
{'loss': 0.7731, 'grad_norm': 0.15314780175685883, 'learning_rate': 1.9091462590881125e-08, 'epoch': 1.0}
{'loss': 0.7529, 'grad_norm': 0.16801801323890686, 'learning_rate': 4.772888428206113e-09, 'epoch': 1.0}
{'loss': 0.7967, 'grad_norm': 0.16057686507701874, 'learning_rate': 0.0, 'epoch': 1.0}
{'train_runtime': 8649.8751, 'train_samples_per_second': 10.988, 'train_steps_per_second': 0.086, 'train_loss': 0.8466559360933432, 'epoch': 1.0}
[2026-08-02 23:08:58,371] [INFO] [launch.py:351:main] Process 46226 exits successfully.
/root/autodl-tmp/.conda-stuff/envs/wqlc/lib/python3.10/site-packages/transformers/training_args.py:1575: FutureWarning: `evaluation_strategy` is deprecated and will be removed in version 4.46 of 🤗 Transformers. Use `eval_strategy` instead
  warnings.warn(
You are using a model of type llama to instantiate a model of type VTimeLLM. This is not supported for all configurations of models and can yield errors.

Loading checkpoint shards:   0%|          | 0/2 [00:00<?, ?it/s]
Loading checkpoint shards:  50%|█████     | 1/2 [00:07<00:07,  7.19s/it]
Loading checkpoint shards: 100%|██████████| 2/2 [00:09<00:00,  4.45s/it]
Loading checkpoint shards: 100%|██████████| 2/2 [00:09<00:00,  4.86s/it]
/root/autodl-tmp/wql/mmb4dl/mllm/vtimellm/train/train.py:378: FutureWarning: `tokenizer` is deprecated and will be removed in version 5.0.0 for `VTimeLLMTrainer.__init__`. Use `processing_class` instead.
  trainer = VTimeLLMTrainer(model=model,
/root/autodl-tmp/.conda-stuff/envs/wqlc/lib/python3.10/site-packages/torch/distributed/distributed_c10d.py:4807: UserWarning: No device id is provided via `init_process_group` or `barrier `. Using the current device set by the user. 
  warnings.warn(  # warn only once

  0%|          | 0/742 [00:00<?, ?it/s]
  0%|          | 1/742 [00:11<2:18:39, 11.23s/it]
                                                 

  0%|          | 1/742 [00:11<2:18:39, 11.23s/it]
  0%|          | 2/742 [00:20<2:01:57,  9.89s/it]
                                                 

  0%|          | 2/742 [00:20<2:01:57,  9.89s/it]
  0%|          | 3/742 [00:29<1:59:07,  9.67s/it]
                                                 

  0%|          | 3/742 [00:29<1:59:07,  9.67s/it]
  1%|          | 4/742 [00:41<2:07:31, 10.37s/it]
                                                 

  1%|          | 4/742 [00:41<2:07:31, 10.37s/it]
  1%|          | 5/742 [00:51<2:06:55, 10.33s/it]
                                                 

  1%|          | 5/742 [00:51<2:06:55, 10.33s/it]
  1%|          | 6/742 [01:01<2:06:34, 10.32s/it]
                                                 

  1%|          | 6/742 [01:01<2:06:34, 10.32s/it]
  1%|          | 7/742 [01:13<2:11:00, 10.69s/it]
                                                 

  1%|          | 7/742 [01:13<2:11:00, 10.69s/it]
  1%|          | 8/742 [01:22<2:05:41, 10.27s/it]
                                                 

  1%|          | 8/742 [01:22<2:05:41, 10.27s/it]
  1%|          | 9/742 [01:33<2:08:00, 10.48s/it]
                                                 

  1%|          | 9/742 [01:33<2:08:00, 10.48s/it]
  1%|▏         | 10/742 [01:43<2:08:25, 10.53s/it]
                                                  

  1%|▏         | 10/742 [01:43<2:08:25, 10.53s/it]
  1%|▏         | 11/742 [01:53<2:04:08, 10.19s/it]
                                                  

  1%|▏         | 11/742 [01:53<2:04:08, 10.19s/it]
  2%|▏         | 12/742 [02:03<2:01:46, 10.01s/it]
                                                  

  2%|▏         | 12/742 [02:03<2:01:46, 10.01s/it]
  2%|▏         | 13/742 [02:13<2:02:03, 10.05s/it]
                                                  

  2%|▏         | 13/742 [02:13<2:02:03, 10.05s/it]
  2%|▏         | 14/742 [02:22<2:00:09,  9.90s/it]
                                                  

  2%|▏         | 14/742 [02:22<2:00:09,  9.90s/it]
  2%|▏         | 15/742 [02:34<2:06:25, 10.43s/it]
                                                  

  2%|▏         | 15/742 [02:34<2:06:25, 10.43s/it]
  2%|▏         | 16/742 [02:43<2:02:21, 10.11s/it]
                                                  

  2%|▏         | 16/742 [02:43<2:02:21, 10.11s/it]
  2%|▏         | 17/742 [02:55<2:06:47, 10.49s/it]
                                                  

  2%|▏         | 17/742 [02:55<2:06:47, 10.49s/it]
  2%|▏         | 18/742 [03:05<2:07:33, 10.57s/it]
                                                  

  2%|▏         | 18/742 [03:05<2:07:33, 10.57s/it]
  3%|▎         | 19/742 [03:15<2:02:45, 10.19s/it]
                                                  

  3%|▎         | 19/742 [03:15<2:02:45, 10.19s/it]
  3%|▎         | 20/742 [03:25<2:03:33, 10.27s/it]
                                                  

  3%|▎         | 20/742 [03:25<2:03:33, 10.27s/it]
  3%|▎         | 21/742 [03:35<2:03:07, 10.25s/it]
                                                  

  3%|▎         | 21/742 [03:35<2:03:07, 10.25s/it]
  3%|▎         | 22/742 [03:45<2:00:11, 10.02s/it]
                                                  

  3%|▎         | 22/742 [03:45<2:00:11, 10.02s/it]
  3%|▎         | 23/742 [03:55<2:00:55, 10.09s/it]
                                                  

  3%|▎         | 23/742 [03:55<2:00:55, 10.09s/it]
  3%|▎         | 24/742 [04:06<2:02:24, 10.23s/it]
                                                  

  3%|▎         | 24/742 [04:06<2:02:24, 10.23s/it]
  3%|▎         | 25/742 [04:14<1:55:49,  9.69s/it]
                                                  

  3%|▎         | 25/742 [04:14<1:55:49,  9.69s/it]
  4%|▎         | 26/742 [04:24<1:55:37,  9.69s/it]
                                                  

  4%|▎         | 26/742 [04:24<1:55:37,  9.69s/it]
  4%|▎         | 27/742 [04:34<1:56:40,  9.79s/it]
                                                  

  4%|▎         | 27/742 [04:34<1:56:40,  9.79s/it]
  4%|▍         | 28/742 [04:44<1:57:53,  9.91s/it]
                                                  

  4%|▍         | 28/742 [04:44<1:57:53,  9.91s/it]
  4%|▍         | 29/742 [04:54<1:59:23, 10.05s/it]
                                                  

  4%|▍         | 29/742 [04:54<1:59:23, 10.05s/it]
  4%|▍         | 30/742 [05:04<1:59:21, 10.06s/it]
                                                  

  4%|▍         | 30/742 [05:04<1:59:21, 10.06s/it]
  4%|▍         | 31/742 [05:15<2:02:40, 10.35s/it]
                                                  

  4%|▍         | 31/742 [05:15<2:02:40, 10.35s/it]
  4%|▍         | 32/742 [05:26<2:03:13, 10.41s/it]
                                                  

  4%|▍         | 32/742 [05:26<2:03:13, 10.41s/it]
  4%|▍         | 33/742 [05:36<2:02:09, 10.34s/it]
                                                  

  4%|▍         | 33/742 [05:36<2:02:09, 10.34s/it]
  5%|▍         | 34/742 [05:47<2:03:08, 10.44s/it]
                                                  

  5%|▍         | 34/742 [05:47<2:03:08, 10.44s/it]
  5%|▍         | 35/742 [05:57<2:00:27, 10.22s/it]
                                                  

  5%|▍         | 35/742 [05:57<2:00:27, 10.22s/it]
  5%|▍         | 36/742 [06:06<1:56:04,  9.86s/it]
                                                  

  5%|▍         | 36/742 [06:06<1:56:04,  9.86s/it]
  5%|▍         | 37/742 [06:16<1:57:10,  9.97s/it]
                                                  

  5%|▍         | 37/742 [06:16<1:57:10,  9.97s/it]
  5%|▌         | 38/742 [06:27<2:00:06, 10.24s/it]
                                                  

  5%|▌         | 38/742 [06:27<2:00:06, 10.24s/it]
  5%|▌         | 39/742 [06:37<2:00:31, 10.29s/it]
                                                  

  5%|▌         | 39/742 [06:37<2:00:31, 10.29s/it]
  5%|▌         | 40/742 [06:48<2:02:51, 10.50s/it]
                                                  

  5%|▌         | 40/742 [06:48<2:02:51, 10.50s/it]
  6%|▌         | 41/742 [06:57<1:57:31, 10.06s/it]
                                                  

  6%|▌         | 41/742 [06:57<1:57:31, 10.06s/it]
  6%|▌         | 42/742 [07:07<1:57:05, 10.04s/it]
                                                  

  6%|▌         | 42/742 [07:07<1:57:05, 10.04s/it]
  6%|▌         | 43/742 [07:17<1:57:23, 10.08s/it]
                                                  

  6%|▌         | 43/742 [07:17<1:57:23, 10.08s/it]
  6%|▌         | 44/742 [07:28<1:59:08, 10.24s/it]
                                                  

  6%|▌         | 44/742 [07:28<1:59:08, 10.24s/it]
  6%|▌         | 45/742 [07:39<2:02:25, 10.54s/it]
                                                  

  6%|▌         | 45/742 [07:39<2:02:25, 10.54s/it]
  6%|▌         | 46/742 [07:50<2:05:12, 10.79s/it]
                                                  

  6%|▌         | 46/742 [07:50<2:05:12, 10.79s/it]
  6%|▋         | 47/742 [08:00<1:59:04, 10.28s/it]
                                                  

  6%|▋         | 47/742 [08:00<1:59:04, 10.28s/it]
  6%|▋         | 48/742 [08:09<1:54:44,  9.92s/it]
                                                  

  6%|▋         | 48/742 [08:09<1:54:44,  9.92s/it]
  7%|▋         | 49/742 [08:18<1:53:14,  9.80s/it]
                                                  

  7%|▋         | 49/742 [08:18<1:53:14,  9.80s/it]
  7%|▋         | 50/742 [08:29<1:57:39, 10.20s/it]
                                                  

  7%|▋         | 50/742 [08:29<1:57:39, 10.20s/it]
  7%|▋         | 51/742 [08:40<1:58:23, 10.28s/it]
                                                  

  7%|▋         | 51/742 [08:40<1:58:23, 10.28s/it]
  7%|▋         | 52/742 [08:48<1:52:06,  9.75s/it]
                                                  

  7%|▋         | 52/742 [08:48<1:52:06,  9.75s/it]
  7%|▋         | 53/742 [08:58<1:51:33,  9.71s/it]
                                                  

  7%|▋         | 53/742 [08:58<1:51:33,  9.71s/it]
  7%|▋         | 54/742 [09:07<1:50:28,  9.63s/it]
                                                  

  7%|▋         | 54/742 [09:07<1:50:28,  9.63s/it]
  7%|▋         | 55/742 [09:18<1:54:09,  9.97s/it]
                                                  

  7%|▋         | 55/742 [09:18<1:54:09,  9.97s/it]
  8%|▊         | 56/742 [09:28<1:53:45,  9.95s/it]
                                                  

  8%|▊         | 56/742 [09:28<1:53:45,  9.95s/it]
  8%|▊         | 57/742 [09:37<1:51:11,  9.74s/it]
                                                  

  8%|▊         | 57/742 [09:37<1:51:11,  9.74s/it]
  8%|▊         | 58/742 [09:48<1:55:18, 10.12s/it]
                                                  

  8%|▊         | 58/742 [09:48<1:55:18, 10.12s/it]
  8%|▊         | 59/742 [09:58<1:53:42,  9.99s/it]
                                                  

  8%|▊         | 59/742 [09:58<1:53:42,  9.99s/it]
  8%|▊         | 60/742 [10:06<1:48:05,  9.51s/it]
                                                  

  8%|▊         | 60/742 [10:06<1:48:05,  9.51s/it]
  8%|▊         | 61/742 [10:16<1:49:30,  9.65s/it]
                                                  

  8%|▊         | 61/742 [10:16<1:49:30,  9.65s/it]
  8%|▊         | 62/742 [10:26<1:50:29,  9.75s/it]
                                                  

  8%|▊         | 62/742 [10:26<1:50:29,  9.75s/it]
  8%|▊         | 63/742 [10:37<1:54:59, 10.16s/it]
                                                  

  8%|▊         | 63/742 [10:37<1:54:59, 10.16s/it]
  9%|▊         | 64/742 [10:47<1:54:04, 10.10s/it]
                                                  

  9%|▊         | 64/742 [10:47<1:54:04, 10.10s/it]
  9%|▉         | 65/742 [10:56<1:49:42,  9.72s/it]
                                                  

  9%|▉         | 65/742 [10:56<1:49:42,  9.72s/it]
  9%|▉         | 66/742 [11:06<1:49:05,  9.68s/it]
                                                  

  9%|▉         | 66/742 [11:06<1:49:05,  9.68s/it]
  9%|▉         | 67/742 [11:16<1:49:07,  9.70s/it]
                                                  

  9%|▉         | 67/742 [11:16<1:49:07,  9.70s/it]
  9%|▉         | 68/742 [11:26<1:50:29,  9.84s/it]
                                                  

  9%|▉         | 68/742 [11:26<1:50:29,  9.84s/it]
  9%|▉         | 69/742 [11:35<1:49:15,  9.74s/it]
                                                  

  9%|▉         | 69/742 [11:35<1:49:15,  9.74s/it]
  9%|▉         | 70/742 [11:46<1:53:43, 10.15s/it]
                                                  

  9%|▉         | 70/742 [11:46<1:53:43, 10.15s/it]
 10%|▉         | 71/742 [11:56<1:53:00, 10.11s/it]
                                                  

 10%|▉         | 71/742 [11:56<1:53:00, 10.11s/it]
 10%|▉         | 72/742 [12:07<1:53:26, 10.16s/it]
                                                  

 10%|▉         | 72/742 [12:07<1:53:26, 10.16s/it]
 10%|▉         | 73/742 [12:17<1:54:54, 10.31s/it]
                                                  

 10%|▉         | 73/742 [12:17<1:54:54, 10.31s/it]
 10%|▉         | 74/742 [12:28<1:55:21, 10.36s/it]
                                                  

 10%|▉         | 74/742 [12:28<1:55:21, 10.36s/it]
 10%|█         | 75/742 [12:37<1:51:33, 10.04s/it]
                                                  

 10%|█         | 75/742 [12:37<1:51:33, 10.04s/it]
 10%|█         | 76/742 [12:47<1:49:48,  9.89s/it]
                                                  

 10%|█         | 76/742 [12:47<1:49:48,  9.89s/it]
 10%|█         | 77/742 [12:56<1:49:24,  9.87s/it]
                                                  

 10%|█         | 77/742 [12:56<1:49:24,  9.87s/it]
 11%|█         | 78/742 [13:06<1:48:43,  9.82s/it]
                                                  

 11%|█         | 78/742 [13:06<1:48:43,  9.82s/it]
 11%|█         | 79/742 [13:16<1:47:04,  9.69s/it]
                                                  

 11%|█         | 79/742 [13:16<1:47:04,  9.69s/it]
 11%|█         | 80/742 [13:25<1:47:41,  9.76s/it]
                                                  

 11%|█         | 80/742 [13:25<1:47:41,  9.76s/it]
 11%|█         | 81/742 [13:36<1:50:42, 10.05s/it]
                                                  

 11%|█         | 81/742 [13:36<1:50:42, 10.05s/it]
 11%|█         | 82/742 [13:46<1:51:09, 10.10s/it]
                                                  

 11%|█         | 82/742 [13:46<1:51:09, 10.10s/it]
 11%|█         | 83/742 [13:57<1:51:13, 10.13s/it]
                                                  

 11%|█         | 83/742 [13:57<1:51:13, 10.13s/it]
 11%|█▏        | 84/742 [14:06<1:48:25,  9.89s/it]
                                                  

 11%|█▏        | 84/742 [14:06<1:48:25,  9.89s/it]
 11%|█▏        | 85/742 [14:17<1:53:16, 10.34s/it]
                                                  

 11%|█▏        | 85/742 [14:17<1:53:16, 10.34s/it]
 12%|█▏        | 86/742 [14:27<1:51:24, 10.19s/it]
                                                  

 12%|█▏        | 86/742 [14:27<1:51:24, 10.19s/it]
 12%|█▏        | 87/742 [14:37<1:50:37, 10.13s/it]
                                                  

 12%|█▏        | 87/742 [14:37<1:50:37, 10.13s/it]
 12%|█▏        | 88/742 [14:47<1:48:31,  9.96s/it]
                                                  

 12%|█▏        | 88/742 [14:47<1:48:31,  9.96s/it]
 12%|█▏        | 89/742 [14:55<1:44:33,  9.61s/it]
                                                  

 12%|█▏        | 89/742 [14:55<1:44:33,  9.61s/it]
 12%|█▏        | 90/742 [15:04<1:41:56,  9.38s/it]
                                                  

 12%|█▏        | 90/742 [15:04<1:41:56,  9.38s/it]
 12%|█▏        | 91/742 [15:15<1:47:33,  9.91s/it]
                                                  

 12%|█▏        | 91/742 [15:15<1:47:33,  9.91s/it]
 12%|█▏        | 92/742 [15:26<1:48:17, 10.00s/it]
                                                  

 12%|█▏        | 92/742 [15:26<1:48:17, 10.00s/it]
 13%|█▎        | 93/742 [15:35<1:46:05,  9.81s/it]
                                                  

 13%|█▎        | 93/742 [15:35<1:46:05,  9.81s/it]
 13%|█▎        | 94/742 [15:44<1:41:46,  9.42s/it]
                                                  

 13%|█▎        | 94/742 [15:44<1:41:46,  9.42s/it]
 13%|█▎        | 95/742 [15:53<1:41:42,  9.43s/it]
                                                  

 13%|█▎        | 95/742 [15:53<1:41:42,  9.43s/it]
 13%|█▎        | 96/742 [16:03<1:42:17,  9.50s/it]
                                                  

 13%|█▎        | 96/742 [16:03<1:42:17,  9.50s/it]
 13%|█▎        | 97/742 [16:13<1:45:25,  9.81s/it]
                                                  

 13%|█▎        | 97/742 [16:13<1:45:25,  9.81s/it]
 13%|█▎        | 98/742 [16:24<1:48:18, 10.09s/it]
                                                  

 13%|█▎        | 98/742 [16:24<1:48:18, 10.09s/it]
 13%|█▎        | 99/742 [16:35<1:51:26, 10.40s/it]
                                                  

 13%|█▎        | 99/742 [16:35<1:51:26, 10.40s/it]
 13%|█▎        | 100/742 [16:45<1:48:57, 10.18s/it]
                                                   

 13%|█▎        | 100/742 [16:45<1:48:57, 10.18s/it]
 14%|█▎        | 101/742 [16:55<1:47:41, 10.08s/it]
                                                   

 14%|█▎        | 101/742 [16:55<1:47:41, 10.08s/it]
 14%|█▎        | 102/742 [17:05<1:47:07, 10.04s/it]
                                                   

 14%|█▎        | 102/742 [17:05<1:47:07, 10.04s/it]
 14%|█▍        | 103/742 [17:16<1:50:10, 10.34s/it]
                                                   

 14%|█▍        | 103/742 [17:16<1:50:10, 10.34s/it]
 14%|█▍        | 104/742 [17:27<1:52:54, 10.62s/it]
                                                   

 14%|█▍        | 104/742 [17:27<1:52:54, 10.62s/it]
 14%|█▍        | 105/742 [17:37<1:51:05, 10.46s/it]
                                                   

 14%|█▍        | 105/742 [17:37<1:51:05, 10.46s/it]
 14%|█▍        | 106/742 [17:47<1:48:15, 10.21s/it]
                                                   

 14%|█▍        | 106/742 [17:47<1:48:15, 10.21s/it]
 14%|█▍        | 107/742 [17:56<1:45:52, 10.00s/it]
                                                   

 14%|█▍        | 107/742 [17:56<1:45:52, 10.00s/it]
 15%|█▍        | 108/742 [18:06<1:44:36,  9.90s/it]
                                                   

 15%|█▍        | 108/742 [18:06<1:44:36,  9.90s/it]
 15%|█▍        | 109/742 [18:16<1:44:30,  9.91s/it]
                                                   

 15%|█▍        | 109/742 [18:16<1:44:30,  9.91s/it]
 15%|█▍        | 110/742 [18:25<1:41:36,  9.65s/it]
                                                   

 15%|█▍        | 110/742 [18:25<1:41:36,  9.65s/it]
 15%|█▍        | 111/742 [18:35<1:42:04,  9.71s/it]
                                                   

 15%|█▍        | 111/742 [18:35<1:42:04,  9.71s/it]
 15%|█▌        | 112/742 [18:45<1:42:47,  9.79s/it]
                                                   

 15%|█▌        | 112/742 [18:45<1:42:47,  9.79s/it]
 15%|█▌        | 113/742 [18:54<1:42:26,  9.77s/it]
                                                   

 15%|█▌        | 113/742 [18:54<1:42:26,  9.77s/it]
 15%|█▌        | 114/742 [19:05<1:44:00,  9.94s/it]
                                                   

 15%|█▌        | 114/742 [19:05<1:44:00,  9.94s/it]
 15%|█▌        | 115/742 [19:15<1:44:45, 10.02s/it]
                                                   

 15%|█▌        | 115/742 [19:15<1:44:45, 10.02s/it]
 16%|█▌        | 116/742 [19:25<1:43:47,  9.95s/it]
                                                   

 16%|█▌        | 116/742 [19:25<1:43:47,  9.95s/it]
 16%|█▌        | 117/742 [19:34<1:41:26,  9.74s/it]
                                                   

 16%|█▌        | 117/742 [19:34<1:41:26,  9.74s/it]
 16%|█▌        | 118/742 [19:43<1:40:29,  9.66s/it]
                                                   

 16%|█▌        | 118/742 [19:43<1:40:29,  9.66s/it]
 16%|█▌        | 119/742 [19:53<1:38:53,  9.52s/it]
                                                   

 16%|█▌        | 119/742 [19:53<1:38:53,  9.52s/it]
 16%|█▌        | 120/742 [20:03<1:42:40,  9.90s/it]
                                                   

 16%|█▌        | 120/742 [20:03<1:42:40,  9.90s/it]
 16%|█▋        | 121/742 [20:15<1:47:41, 10.41s/it]
                                                   

 16%|█▋        | 121/742 [20:15<1:47:41, 10.41s/it]
 16%|█▋        | 122/742 [20:25<1:45:03, 10.17s/it]
                                                   

 16%|█▋        | 122/742 [20:25<1:45:03, 10.17s/it]
 17%|█▋        | 123/742 [20:34<1:42:50,  9.97s/it]
                                                   

 17%|█▋        | 123/742 [20:34<1:42:50,  9.97s/it]
 17%|█▋        | 124/742 [20:43<1:40:21,  9.74s/it]
                                                   

 17%|█▋        | 124/742 [20:43<1:40:21,  9.74s/it]
 17%|█▋        | 125/742 [20:53<1:38:55,  9.62s/it]
                                                   

 17%|█▋        | 125/742 [20:53<1:38:55,  9.62s/it]
 17%|█▋        | 126/742 [21:03<1:42:01,  9.94s/it]
                                                   

 17%|█▋        | 126/742 [21:03<1:42:01,  9.94s/it]
 17%|█▋        | 127/742 [21:14<1:42:49, 10.03s/it]
                                                   

 17%|█▋        | 127/742 [21:14<1:42:49, 10.03s/it]
 17%|█▋        | 128/742 [21:23<1:40:51,  9.86s/it]
                                                   

 17%|█▋        | 128/742 [21:23<1:40:51,  9.86s/it]
 17%|█▋        | 129/742 [21:32<1:37:20,  9.53s/it]
                                                   

 17%|█▋        | 129/742 [21:32<1:37:20,  9.53s/it]
 18%|█▊        | 130/742 [21:42<1:38:28,  9.65s/it]
                                                   

 18%|█▊        | 130/742 [21:42<1:38:28,  9.65s/it]
 18%|█▊        | 131/742 [21:51<1:38:39,  9.69s/it]
                                                   

 18%|█▊        | 131/742 [21:51<1:38:39,  9.69s/it]
 18%|█▊        | 132/742 [22:01<1:38:21,  9.67s/it]
                                                   

 18%|█▊        | 132/742 [22:01<1:38:21,  9.67s/it]
 18%|█▊        | 133/742 [22:10<1:35:07,  9.37s/it]
                                                   

 18%|█▊        | 133/742 [22:10<1:35:07,  9.37s/it]
 18%|█▊        | 134/742 [22:21<1:39:57,  9.86s/it]
                                                   

 18%|█▊        | 134/742 [22:21<1:39:57,  9.86s/it]
 18%|█▊        | 135/742 [22:30<1:38:08,  9.70s/it]
                                                   

 18%|█▊        | 135/742 [22:30<1:38:08,  9.70s/it]
 18%|█▊        | 136/742 [22:40<1:38:04,  9.71s/it]
                                                   

 18%|█▊        | 136/742 [22:40<1:38:04,  9.71s/it]
 18%|█▊        | 137/742 [22:49<1:37:31,  9.67s/it]
                                                   

 18%|█▊        | 137/742 [22:49<1:37:31,  9.67s/it]
 19%|█▊        | 138/742 [22:59<1:37:27,  9.68s/it]
                                                   

 19%|█▊        | 138/742 [22:59<1:37:27,  9.68s/it]
 19%|█▊        | 139/742 [23:09<1:38:29,  9.80s/it]
                                                   

 19%|█▊        | 139/742 [23:09<1:38:29,  9.80s/it]
 19%|█▉        | 140/742 [23:19<1:37:03,  9.67s/it]
                                                   

 19%|█▉        | 140/742 [23:19<1:37:03,  9.67s/it]
 19%|█▉        | 141/742 [23:28<1:37:26,  9.73s/it]
                                                   

 19%|█▉        | 141/742 [23:28<1:37:26,  9.73s/it]
 19%|█▉        | 142/742 [23:38<1:36:18,  9.63s/it]
                                                   

 19%|█▉        | 142/742 [23:38<1:36:18,  9.63s/it]
 19%|█▉        | 143/742 [23:47<1:35:44,  9.59s/it]
                                                   

 19%|█▉        | 143/742 [23:47<1:35:44,  9.59s/it]
 19%|█▉        | 144/742 [23:56<1:31:55,  9.22s/it]
                                                   

 19%|█▉        | 144/742 [23:56<1:31:55,  9.22s/it]
 20%|█▉        | 145/742 [24:05<1:33:25,  9.39s/it]
                                                   

 20%|█▉        | 145/742 [24:05<1:33:25,  9.39s/it]
 20%|█▉        | 146/742 [24:15<1:33:40,  9.43s/it]
                                                   

 20%|█▉        | 146/742 [24:15<1:33:40,  9.43s/it]
 20%|█▉        | 147/742 [24:25<1:35:55,  9.67s/it]
                                                   

 20%|█▉        | 147/742 [24:25<1:35:55,  9.67s/it]
 20%|█▉        | 148/742 [24:37<1:42:27, 10.35s/it]
                                                   

 20%|█▉        | 148/742 [24:37<1:42:27, 10.35s/it]
 20%|██        | 149/742 [24:47<1:39:32, 10.07s/it]
                                                   

 20%|██        | 149/742 [24:47<1:39:32, 10.07s/it]
 20%|██        | 150/742 [24:56<1:37:03,  9.84s/it]
                                                   

 20%|██        | 150/742 [24:56<1:37:03,  9.84s/it]
 20%|██        | 151/742 [25:06<1:38:24,  9.99s/it]
                                                   

 20%|██        | 151/742 [25:06<1:38:24,  9.99s/it]
 20%|██        | 152/742 [25:17<1:39:30, 10.12s/it]
                                                   

 20%|██        | 152/742 [25:17<1:39:30, 10.12s/it]
 21%|██        | 153/742 [25:27<1:39:50, 10.17s/it]
                                                   

 21%|██        | 153/742 [25:27<1:39:50, 10.17s/it]
 21%|██        | 154/742 [25:37<1:39:25, 10.15s/it]
                                                   

 21%|██        | 154/742 [25:37<1:39:25, 10.15s/it]
 21%|██        | 155/742 [25:48<1:41:03, 10.33s/it]
                                                   

 21%|██        | 155/742 [25:48<1:41:03, 10.33s/it]
 21%|██        | 156/742 [25:57<1:37:37, 10.00s/it]
                                                   

 21%|██        | 156/742 [25:57<1:37:37, 10.00s/it]
 21%|██        | 157/742 [26:08<1:39:53, 10.25s/it]
                                                   

 21%|██        | 157/742 [26:08<1:39:53, 10.25s/it]
 21%|██▏       | 158/742 [26:18<1:39:39, 10.24s/it]
                                                   

 21%|██▏       | 158/742 [26:18<1:39:39, 10.24s/it]
 21%|██▏       | 159/742 [26:28<1:40:07, 10.30s/it]
                                                   

 21%|██▏       | 159/742 [26:28<1:40:07, 10.30s/it]
 22%|██▏       | 160/742 [26:39<1:40:02, 10.31s/it]
                                                   

 22%|██▏       | 160/742 [26:39<1:40:02, 10.31s/it]
 22%|██▏       | 161/742 [26:50<1:41:41, 10.50s/it]
                                                   

 22%|██▏       | 161/742 [26:50<1:41:41, 10.50s/it]
 22%|██▏       | 162/742 [26:59<1:37:33, 10.09s/it]
                                                   

 22%|██▏       | 162/742 [26:59<1:37:33, 10.09s/it]
 22%|██▏       | 163/742 [27:08<1:35:16,  9.87s/it]
                                                   

 22%|██▏       | 163/742 [27:08<1:35:16,  9.87s/it]
 22%|██▏       | 164/742 [27:18<1:34:43,  9.83s/it]
                                                   

 22%|██▏       | 164/742 [27:18<1:34:43,  9.83s/it]
 22%|██▏       | 165/742 [27:29<1:37:12, 10.11s/it]
                                                   

 22%|██▏       | 165/742 [27:29<1:37:12, 10.11s/it]
 22%|██▏       | 166/742 [27:38<1:35:42,  9.97s/it]
                                                   

 22%|██▏       | 166/742 [27:38<1:35:42,  9.97s/it]
 23%|██▎       | 167/742 [27:48<1:35:25,  9.96s/it]
                                                   

 23%|██▎       | 167/742 [27:48<1:35:25,  9.96s/it]
 23%|██▎       | 168/742 [27:59<1:38:02, 10.25s/it]
                                                   

 23%|██▎       | 168/742 [27:59<1:38:02, 10.25s/it]
 23%|██▎       | 169/742 [28:10<1:37:54, 10.25s/it]
                                                   

 23%|██▎       | 169/742 [28:10<1:37:54, 10.25s/it]
 23%|██▎       | 170/742 [28:19<1:36:51, 10.16s/it]
                                                   

 23%|██▎       | 170/742 [28:19<1:36:51, 10.16s/it]
 23%|██▎       | 171/742 [28:30<1:36:32, 10.15s/it]
                                                   

 23%|██▎       | 171/742 [28:30<1:36:32, 10.15s/it]
 23%|██▎       | 172/742 [28:39<1:34:41,  9.97s/it]
                                                   

 23%|██▎       | 172/742 [28:39<1:34:41,  9.97s/it]
 23%|██▎       | 173/742 [28:50<1:37:04, 10.24s/it]
                                                   

 23%|██▎       | 173/742 [28:50<1:37:04, 10.24s/it]
 23%|██▎       | 174/742 [29:00<1:36:32, 10.20s/it]
                                                   

 23%|██▎       | 174/742 [29:00<1:36:32, 10.20s/it]
 24%|██▎       | 175/742 [29:10<1:35:27, 10.10s/it]
                                                   

 24%|██▎       | 175/742 [29:10<1:35:27, 10.10s/it]
 24%|██▎       | 176/742 [29:20<1:34:21, 10.00s/it]
                                                   

 24%|██▎       | 176/742 [29:20<1:34:21, 10.00s/it]
 24%|██▍       | 177/742 [29:29<1:31:07,  9.68s/it]
                                                   

 24%|██▍       | 177/742 [29:29<1:31:07,  9.68s/it]
 24%|██▍       | 178/742 [29:38<1:29:57,  9.57s/it]
                                                   

 24%|██▍       | 178/742 [29:38<1:29:57,  9.57s/it]
 24%|██▍       | 179/742 [29:47<1:29:29,  9.54s/it]
                                                   

 24%|██▍       | 179/742 [29:47<1:29:29,  9.54s/it]
 24%|██▍       | 180/742 [29:58<1:31:22,  9.76s/it]
                                                   

 24%|██▍       | 180/742 [29:58<1:31:22,  9.76s/it]
 24%|██▍       | 181/742 [30:08<1:33:11,  9.97s/it]
                                                   

 24%|██▍       | 181/742 [30:08<1:33:11,  9.97s/it]
 25%|██▍       | 182/742 [30:18<1:33:34, 10.03s/it]
                                                   

 25%|██▍       | 182/742 [30:18<1:33:34, 10.03s/it]
 25%|██▍       | 183/742 [30:29<1:34:40, 10.16s/it]
                                                   

 25%|██▍       | 183/742 [30:29<1:34:40, 10.16s/it]
 25%|██▍       | 184/742 [30:38<1:31:22,  9.83s/it]
                                                   

 25%|██▍       | 184/742 [30:38<1:31:22,  9.83s/it]
 25%|██▍       | 185/742 [30:47<1:28:43,  9.56s/it]
                                                   

 25%|██▍       | 185/742 [30:47<1:28:43,  9.56s/it]
 25%|██▌       | 186/742 [30:56<1:28:20,  9.53s/it]
                                                   

 25%|██▌       | 186/742 [30:56<1:28:20,  9.53s/it]
 25%|██▌       | 187/742 [31:06<1:28:19,  9.55s/it]
                                                   

 25%|██▌       | 187/742 [31:06<1:28:19,  9.55s/it]
 25%|██▌       | 188/742 [31:16<1:30:19,  9.78s/it]
                                                   

 25%|██▌       | 188/742 [31:16<1:30:19,  9.78s/it]
 25%|██▌       | 189/742 [31:28<1:34:47, 10.29s/it]
                                                   

 25%|██▌       | 189/742 [31:28<1:34:47, 10.29s/it]
 26%|██▌       | 190/742 [31:38<1:35:41, 10.40s/it]
                                                   

 26%|██▌       | 190/742 [31:38<1:35:41, 10.40s/it]
 26%|██▌       | 191/742 [31:49<1:37:04, 10.57s/it]
                                                   

 26%|██▌       | 191/742 [31:49<1:37:04, 10.57s/it]
 26%|██▌       | 192/742 [31:59<1:34:41, 10.33s/it]
                                                   

 26%|██▌       | 192/742 [31:59<1:34:41, 10.33s/it]
 26%|██▌       | 193/742 [32:10<1:35:13, 10.41s/it]
                                                   

 26%|██▌       | 193/742 [32:10<1:35:13, 10.41s/it]
 26%|██▌       | 194/742 [32:19<1:32:30, 10.13s/it]
                                                   

 26%|██▌       | 194/742 [32:19<1:32:30, 10.13s/it]
 26%|██▋       | 195/742 [32:29<1:32:09, 10.11s/it]
                                                   

 26%|██▋       | 195/742 [32:29<1:32:09, 10.11s/it]
 26%|██▋       | 196/742 [32:40<1:33:14, 10.25s/it]
                                                   

 26%|██▋       | 196/742 [32:40<1:33:14, 10.25s/it]
 27%|██▋       | 197/742 [32:48<1:28:50,  9.78s/it]
                                                   

 27%|██▋       | 197/742 [32:48<1:28:50,  9.78s/it]
 27%|██▋       | 198/742 [32:58<1:29:16,  9.85s/it]
                                                   

 27%|██▋       | 198/742 [32:58<1:29:16,  9.85s/it]
 27%|██▋       | 199/742 [33:08<1:28:44,  9.81s/it]
                                                   

 27%|██▋       | 199/742 [33:08<1:28:44,  9.81s/it]
 27%|██▋       | 200/742 [33:18<1:27:45,  9.71s/it]
                                                   

 27%|██▋       | 200/742 [33:18<1:27:45,  9.71s/it]
 27%|██▋       | 201/742 [33:27<1:27:28,  9.70s/it]
                                                   

 27%|██▋       | 201/742 [33:27<1:27:28,  9.70s/it]
 27%|██▋       | 202/742 [33:38<1:30:27, 10.05s/it]
                                                   

 27%|██▋       | 202/742 [33:38<1:30:27, 10.05s/it]
 27%|██▋       | 203/742 [33:47<1:28:15,  9.82s/it]
                                                   

 27%|██▋       | 203/742 [33:47<1:28:15,  9.82s/it]
 27%|██▋       | 204/742 [33:57<1:28:14,  9.84s/it]
                                                   

 27%|██▋       | 204/742 [33:57<1:28:14,  9.84s/it]
 28%|██▊       | 205/742 [34:07<1:28:36,  9.90s/it]
                                                   

 28%|██▊       | 205/742 [34:07<1:28:36,  9.90s/it]
 28%|██▊       | 206/742 [34:17<1:27:30,  9.80s/it]
                                                   

 28%|██▊       | 206/742 [34:17<1:27:30,  9.80s/it]
 28%|██▊       | 207/742 [34:26<1:25:56,  9.64s/it]
                                                   

 28%|██▊       | 207/742 [34:26<1:25:56,  9.64s/it]
 28%|██▊       | 208/742 [34:36<1:25:43,  9.63s/it]
                                                   

 28%|██▊       | 208/742 [34:36<1:25:43,  9.63s/it]
 28%|██▊       | 209/742 [34:45<1:25:30,  9.62s/it]
                                                   

 28%|██▊       | 209/742 [34:45<1:25:30,  9.62s/it]
 28%|██▊       | 210/742 [34:55<1:25:50,  9.68s/it]
                                                   

 28%|██▊       | 210/742 [34:55<1:25:50,  9.68s/it]
 28%|██▊       | 211/742 [35:05<1:25:16,  9.64s/it]
                                                   

 28%|██▊       | 211/742 [35:05<1:25:16,  9.64s/it]
 29%|██▊       | 212/742 [35:14<1:25:01,  9.63s/it]
                                                   

 29%|██▊       | 212/742 [35:14<1:25:01,  9.63s/it]
 29%|██▊       | 213/742 [35:25<1:27:39,  9.94s/it]
                                                   

 29%|██▊       | 213/742 [35:25<1:27:39,  9.94s/it]
 29%|██▉       | 214/742 [35:34<1:25:48,  9.75s/it]
                                                   

 29%|██▉       | 214/742 [35:34<1:25:48,  9.75s/it]
 29%|██▉       | 215/742 [35:44<1:26:39,  9.87s/it]
                                                   

 29%|██▉       | 215/742 [35:44<1:26:39,  9.87s/it]
 29%|██▉       | 216/742 [35:56<1:31:49, 10.47s/it]
                                                   

 29%|██▉       | 216/742 [35:56<1:31:49, 10.47s/it]
 29%|██▉       | 217/742 [36:07<1:32:23, 10.56s/it]
                                                   

 29%|██▉       | 217/742 [36:07<1:32:23, 10.56s/it]
 29%|██▉       | 218/742 [36:17<1:29:47, 10.28s/it]
                                                   

 29%|██▉       | 218/742 [36:17<1:29:47, 10.28s/it]
 30%|██▉       | 219/742 [36:27<1:30:05, 10.33s/it]
                                                   

 30%|██▉       | 219/742 [36:27<1:30:05, 10.33s/it]
 30%|██▉       | 220/742 [36:37<1:29:15, 10.26s/it]
                                                   

 30%|██▉       | 220/742 [36:37<1:29:15, 10.26s/it]
 30%|██▉       | 221/742 [36:46<1:25:53,  9.89s/it]
                                                   

 30%|██▉       | 221/742 [36:46<1:25:53,  9.89s/it]
 30%|██▉       | 222/742 [36:56<1:25:22,  9.85s/it]
                                                   

 30%|██▉       | 222/742 [36:56<1:25:22,  9.85s/it]
 30%|███       | 223/742 [37:06<1:26:11,  9.96s/it]
                                                   

 30%|███       | 223/742 [37:06<1:26:11,  9.96s/it]
 30%|███       | 224/742 [37:17<1:27:02, 10.08s/it]
                                                   

 30%|███       | 224/742 [37:17<1:27:02, 10.08s/it]
 30%|███       | 225/742 [37:26<1:24:58,  9.86s/it]
                                                   

 30%|███       | 225/742 [37:26<1:24:58,  9.86s/it]
 30%|███       | 226/742 [37:36<1:25:40,  9.96s/it]
                                                   

 30%|███       | 226/742 [37:36<1:25:40,  9.96s/it]
 31%|███       | 227/742 [37:46<1:24:19,  9.82s/it]
                                                   

 31%|███       | 227/742 [37:46<1:24:19,  9.82s/it]
 31%|███       | 228/742 [37:56<1:26:23, 10.08s/it]
                                                   

 31%|███       | 228/742 [37:56<1:26:23, 10.08s/it]
 31%|███       | 229/742 [38:06<1:25:26,  9.99s/it]
                                                   

 31%|███       | 229/742 [38:06<1:25:26,  9.99s/it]
 31%|███       | 230/742 [38:17<1:27:15, 10.23s/it]
                                                   

 31%|███       | 230/742 [38:17<1:27:15, 10.23s/it]
 31%|███       | 231/742 [38:26<1:25:08, 10.00s/it]
                                                   

 31%|███       | 231/742 [38:26<1:25:08, 10.00s/it]
 31%|███▏      | 232/742 [38:37<1:25:55, 10.11s/it]
                                                   

 31%|███▏      | 232/742 [38:37<1:25:55, 10.11s/it]
 31%|███▏      | 233/742 [38:46<1:23:16,  9.82s/it]
                                                   

 31%|███▏      | 233/742 [38:46<1:23:16,  9.82s/it]
 32%|███▏      | 234/742 [38:56<1:23:18,  9.84s/it]
                                                   

 32%|███▏      | 234/742 [38:56<1:23:18,  9.84s/it]
 32%|███▏      | 235/742 [39:07<1:27:27, 10.35s/it]
                                                   

 32%|███▏      | 235/742 [39:07<1:27:27, 10.35s/it]
 32%|███▏      | 236/742 [39:17<1:24:39, 10.04s/it]
                                                   

 32%|███▏      | 236/742 [39:17<1:24:39, 10.04s/it]
 32%|███▏      | 237/742 [39:28<1:27:49, 10.43s/it]
                                                   

 32%|███▏      | 237/742 [39:28<1:27:49, 10.43s/it]
 32%|███▏      | 238/742 [39:39<1:28:42, 10.56s/it]
                                                   

 32%|███▏      | 238/742 [39:39<1:28:42, 10.56s/it]
 32%|███▏      | 239/742 [39:48<1:25:08, 10.16s/it]
                                                   

 32%|███▏      | 239/742 [39:48<1:25:08, 10.16s/it]
 32%|███▏      | 240/742 [39:58<1:25:30, 10.22s/it]
                                                   

 32%|███▏      | 240/742 [39:59<1:25:30, 10.22s/it]
 32%|███▏      | 241/742 [40:10<1:29:40, 10.74s/it]
                                                   

 32%|███▏      | 241/742 [40:10<1:29:40, 10.74s/it]
 33%|███▎      | 242/742 [40:20<1:27:01, 10.44s/it]
                                                   

 33%|███▎      | 242/742 [40:20<1:27:01, 10.44s/it]
 33%|███▎      | 243/742 [40:30<1:26:18, 10.38s/it]
                                                   

 33%|███▎      | 243/742 [40:30<1:26:18, 10.38s/it]
 33%|███▎      | 244/742 [40:41<1:25:39, 10.32s/it]
                                                   

 33%|███▎      | 244/742 [40:41<1:25:39, 10.32s/it]
 33%|███▎      | 245/742 [40:49<1:21:26,  9.83s/it]
                                                   

 33%|███▎      | 245/742 [40:49<1:21:26,  9.83s/it]
 33%|███▎      | 246/742 [40:59<1:20:18,  9.72s/it]
                                                   

 33%|███▎      | 246/742 [40:59<1:20:18,  9.72s/it]
 33%|███▎      | 247/742 [41:08<1:19:10,  9.60s/it]
                                                   

 33%|███▎      | 247/742 [41:08<1:19:10,  9.60s/it]
 33%|███▎      | 248/742 [41:18<1:20:37,  9.79s/it]
                                                   

 33%|███▎      | 248/742 [41:18<1:20:37,  9.79s/it]
 34%|███▎      | 249/742 [41:27<1:17:28,  9.43s/it]
                                                   

 34%|███▎      | 249/742 [41:27<1:17:28,  9.43s/it]
 34%|███▎      | 250/742 [41:37<1:19:12,  9.66s/it]
                                                   

 34%|███▎      | 250/742 [41:37<1:19:12,  9.66s/it]
 34%|███▍      | 251/742 [41:46<1:18:02,  9.54s/it]
                                                   

 34%|███▍      | 251/742 [41:46<1:18:02,  9.54s/it]
 34%|███▍      | 252/742 [41:57<1:20:04,  9.80s/it]
                                                   

 34%|███▍      | 252/742 [41:57<1:20:04,  9.80s/it]
 34%|███▍      | 253/742 [42:07<1:21:28, 10.00s/it]
                                                   

 34%|███▍      | 253/742 [42:07<1:21:28, 10.00s/it]
 34%|███▍      | 254/742 [42:18<1:23:46, 10.30s/it]
                                                   

 34%|███▍      | 254/742 [42:18<1:23:46, 10.30s/it]
 34%|███▍      | 255/742 [42:28<1:22:48, 10.20s/it]
                                                   

 34%|███▍      | 255/742 [42:28<1:22:48, 10.20s/it]
 35%|███▍      | 256/742 [42:40<1:25:55, 10.61s/it]
                                                   

 35%|███▍      | 256/742 [42:40<1:25:55, 10.61s/it]
 35%|███▍      | 257/742 [42:50<1:23:41, 10.35s/it]
                                                   

 35%|███▍      | 257/742 [42:50<1:23:41, 10.35s/it]
 35%|███▍      | 258/742 [43:00<1:23:59, 10.41s/it]
                                                   

 35%|███▍      | 258/742 [43:00<1:23:59, 10.41s/it]
 35%|███▍      | 259/742 [43:10<1:21:31, 10.13s/it]
                                                   

 35%|███▍      | 259/742 [43:10<1:21:31, 10.13s/it]
 35%|███▌      | 260/742 [43:19<1:20:39, 10.04s/it]
                                                   

 35%|███▌      | 260/742 [43:19<1:20:39, 10.04s/it]
 35%|███▌      | 261/742 [43:29<1:18:51,  9.84s/it]
                                                   

 35%|███▌      | 261/742 [43:29<1:18:51,  9.84s/it]
 35%|███▌      | 262/742 [43:39<1:19:55,  9.99s/it]
                                                   

 35%|███▌      | 262/742 [43:39<1:19:55,  9.99s/it]
 35%|███▌      | 263/742 [43:50<1:20:53, 10.13s/it]
                                                   

 35%|███▌      | 263/742 [43:50<1:20:53, 10.13s/it]
 36%|███▌      | 264/742 [43:58<1:17:53,  9.78s/it]
                                                   

 36%|███▌      | 264/742 [43:58<1:17:53,  9.78s/it]
 36%|███▌      | 265/742 [44:08<1:17:56,  9.80s/it]
                                                   

 36%|███▌      | 265/742 [44:08<1:17:56,  9.80s/it]
 36%|███▌      | 266/742 [44:17<1:16:10,  9.60s/it]
                                                   

 36%|███▌      | 266/742 [44:17<1:16:10,  9.60s/it]
 36%|███▌      | 267/742 [44:28<1:18:14,  9.88s/it]
                                                   

 36%|███▌      | 267/742 [44:28<1:18:14,  9.88s/it]
 36%|███▌      | 268/742 [44:37<1:16:55,  9.74s/it]
                                                   

 36%|███▌      | 268/742 [44:37<1:16:55,  9.74s/it]
 36%|███▋      | 269/742 [44:48<1:18:38,  9.97s/it]
                                                   

 36%|███▋      | 269/742 [44:48<1:18:38,  9.97s/it]
 36%|███▋      | 270/742 [44:57<1:15:15,  9.57s/it]
                                                   

 36%|███▋      | 270/742 [44:57<1:15:15,  9.57s/it]
 37%|███▋      | 271/742 [45:06<1:14:08,  9.44s/it]
                                                   

 37%|███▋      | 271/742 [45:06<1:14:08,  9.44s/it]
 37%|███▋      | 272/742 [45:16<1:16:10,  9.72s/it]
                                                   

 37%|███▋      | 272/742 [45:16<1:16:10,  9.72s/it]
 37%|███▋      | 273/742 [45:27<1:19:31, 10.17s/it]
                                                   

 37%|███▋      | 273/742 [45:27<1:19:31, 10.17s/it]
 37%|███▋      | 274/742 [45:37<1:18:26, 10.06s/it]
                                                   

 37%|███▋      | 274/742 [45:37<1:18:26, 10.06s/it]
 37%|███▋      | 275/742 [45:47<1:18:55, 10.14s/it]
                                                   

 37%|███▋      | 275/742 [45:47<1:18:55, 10.14s/it]
 37%|███▋      | 276/742 [45:57<1:16:54,  9.90s/it]
                                                   

 37%|███▋      | 276/742 [45:57<1:16:54,  9.90s/it]
 37%|███▋      | 277/742 [46:07<1:16:22,  9.86s/it]
                                                   

 37%|███▋      | 277/742 [46:07<1:16:22,  9.86s/it]
 37%|███▋      | 278/742 [46:17<1:17:07,  9.97s/it]
                                                   

 37%|███▋      | 278/742 [46:17<1:17:07,  9.97s/it]
 38%|███▊      | 279/742 [46:28<1:19:09, 10.26s/it]
                                                   

 38%|███▊      | 279/742 [46:28<1:19:09, 10.26s/it]
 38%|███▊      | 280/742 [46:37<1:16:41,  9.96s/it]
                                                   

 38%|███▊      | 280/742 [46:37<1:16:41,  9.96s/it]
 38%|███▊      | 281/742 [46:48<1:19:25, 10.34s/it]
                                                   

 38%|███▊      | 281/742 [46:48<1:19:25, 10.34s/it]
 38%|███▊      | 282/742 [46:58<1:17:41, 10.13s/it]
                                                   

 38%|███▊      | 282/742 [46:58<1:17:41, 10.13s/it]
 38%|███▊      | 283/742 [47:09<1:19:08, 10.35s/it]
                                                   

 38%|███▊      | 283/742 [47:09<1:19:08, 10.35s/it]
 38%|███▊      | 284/742 [47:20<1:21:20, 10.66s/it]
                                                   

 38%|███▊      | 284/742 [47:20<1:21:20, 10.66s/it]
 38%|███▊      | 285/742 [47:32<1:23:46, 11.00s/it]
                                                   

 38%|███▊      | 285/742 [47:32<1:23:46, 11.00s/it]
 39%|███▊      | 286/742 [47:41<1:19:39, 10.48s/it]
                                                   

 39%|███▊      | 286/742 [47:41<1:19:39, 10.48s/it]
 39%|███▊      | 287/742 [47:52<1:19:16, 10.45s/it]
                                                   

 39%|███▊      | 287/742 [47:52<1:19:16, 10.45s/it]
 39%|███▉      | 288/742 [48:01<1:17:11, 10.20s/it]
                                                   

 39%|███▉      | 288/742 [48:01<1:17:11, 10.20s/it]
 39%|███▉      | 289/742 [48:11<1:16:34, 10.14s/it]
                                                   

 39%|███▉      | 289/742 [48:11<1:16:34, 10.14s/it]
 39%|███▉      | 290/742 [48:21<1:15:10,  9.98s/it]
                                                   

 39%|███▉      | 290/742 [48:21<1:15:10,  9.98s/it]
 39%|███▉      | 291/742 [48:34<1:22:54, 11.03s/it]
                                                   

 39%|███▉      | 291/742 [48:34<1:22:54, 11.03s/it]
 39%|███▉      | 292/742 [48:47<1:25:57, 11.46s/it]
                                                   

 39%|███▉      | 292/742 [48:47<1:25:57, 11.46s/it]
 39%|███▉      | 293/742 [49:01<1:31:44, 12.26s/it]
                                                   

 39%|███▉      | 293/742 [49:01<1:31:44, 12.26s/it]
 40%|███▉      | 294/742 [49:15<1:35:42, 12.82s/it]
                                                   

 40%|███▉      | 294/742 [49:15<1:35:42, 12.82s/it]
 40%|███▉      | 295/742 [49:28<1:35:20, 12.80s/it]
                                                   

 40%|███▉      | 295/742 [49:28<1:35:20, 12.80s/it]
 40%|███▉      | 296/742 [49:42<1:38:06, 13.20s/it]
                                                   

 40%|███▉      | 296/742 [49:42<1:38:06, 13.20s/it]
 40%|████      | 297/742 [49:55<1:37:08, 13.10s/it]
                                                   

 40%|████      | 297/742 [49:55<1:37:08, 13.10s/it]
 40%|████      | 298/742 [50:07<1:35:15, 12.87s/it]
                                                   

 40%|████      | 298/742 [50:07<1:35:15, 12.87s/it]
 40%|████      | 299/742 [50:21<1:37:31, 13.21s/it]
                                                   

 40%|████      | 299/742 [50:21<1:37:31, 13.21s/it]
 40%|████      | 300/742 [50:34<1:37:21, 13.22s/it]
                                                   

 40%|████      | 300/742 [50:34<1:37:21, 13.22s/it]
 41%|████      | 301/742 [50:47<1:35:47, 13.03s/it]
                                                   

 41%|████      | 301/742 [50:47<1:35:47, 13.03s/it]
 41%|████      | 302/742 [51:00<1:35:07, 12.97s/it]
                                                   

 41%|████      | 302/742 [51:00<1:35:07, 12.97s/it]
 41%|████      | 303/742 [51:12<1:33:56, 12.84s/it]
                                                   

 41%|████      | 303/742 [51:12<1:33:56, 12.84s/it]
 41%|████      | 304/742 [51:27<1:37:06, 13.30s/it]
                                                   

 41%|████      | 304/742 [51:27<1:37:06, 13.30s/it]
 41%|████      | 305/742 [51:41<1:38:21, 13.50s/it]
                                                   

 41%|████      | 305/742 [51:41<1:38:21, 13.50s/it]
 41%|████      | 306/742 [51:53<1:36:17, 13.25s/it]
                                                   

 41%|████      | 306/742 [51:53<1:36:17, 13.25s/it]
 41%|████▏     | 307/742 [52:07<1:37:20, 13.43s/it]
                                                   

 41%|████▏     | 307/742 [52:07<1:37:20, 13.43s/it]
 42%|████▏     | 308/742 [52:21<1:38:28, 13.62s/it]
                                                   

 42%|████▏     | 308/742 [52:21<1:38:28, 13.62s/it]
 42%|████▏     | 309/742 [52:36<1:40:28, 13.92s/it]
                                                   

 42%|████▏     | 309/742 [52:36<1:40:28, 13.92s/it]
 42%|████▏     | 310/742 [52:50<1:41:21, 14.08s/it]
                                                   

 42%|████▏     | 310/742 [52:50<1:41:21, 14.08s/it]
 42%|████▏     | 311/742 [53:03<1:38:16, 13.68s/it]
                                                   

 42%|████▏     | 311/742 [53:03<1:38:16, 13.68s/it]
 42%|████▏     | 312/742 [53:16<1:37:05, 13.55s/it]
                                                   

 42%|████▏     | 312/742 [53:16<1:37:05, 13.55s/it]
 42%|████▏     | 313/742 [53:29<1:35:10, 13.31s/it]
                                                   

 42%|████▏     | 313/742 [53:29<1:35:10, 13.31s/it]
 42%|████▏     | 314/742 [53:42<1:33:41, 13.13s/it]
                                                   

 42%|████▏     | 314/742 [53:42<1:33:41, 13.13s/it]
 42%|████▏     | 315/742 [53:53<1:30:32, 12.72s/it]
                                                   

 42%|████▏     | 315/742 [53:53<1:30:32, 12.72s/it]
 43%|████▎     | 316/742 [54:08<1:35:02, 13.39s/it]
                                                   

 43%|████▎     | 316/742 [54:08<1:35:02, 13.39s/it]
 43%|████▎     | 317/742 [54:23<1:38:19, 13.88s/it]
                                                   

 43%|████▎     | 317/742 [54:23<1:38:19, 13.88s/it]
 43%|████▎     | 318/742 [54:37<1:36:54, 13.71s/it]
                                                   

 43%|████▎     | 318/742 [54:37<1:36:54, 13.71s/it]
 43%|████▎     | 319/742 [54:51<1:37:18, 13.80s/it]
                                                   

 43%|████▎     | 319/742 [54:51<1:37:18, 13.80s/it]
 43%|████▎     | 320/742 [55:05<1:37:24, 13.85s/it]
                                                   

 43%|████▎     | 320/742 [55:05<1:37:24, 13.85s/it]
 43%|████▎     | 321/742 [55:19<1:37:52, 13.95s/it]
                                                   

 43%|████▎     | 321/742 [55:19<1:37:52, 13.95s/it]
 43%|████▎     | 322/742 [55:32<1:36:04, 13.72s/it]
                                                   

 43%|████▎     | 322/742 [55:32<1:36:04, 13.72s/it]
 44%|████▎     | 323/742 [55:46<1:36:18, 13.79s/it]
                                                   

 44%|████▎     | 323/742 [55:46<1:36:18, 13.79s/it]
 44%|████▎     | 324/742 [56:00<1:36:45, 13.89s/it]
                                                   

 44%|████▎     | 324/742 [56:00<1:36:45, 13.89s/it]
 44%|████▍     | 325/742 [56:15<1:37:38, 14.05s/it]
                                                   

 44%|████▍     | 325/742 [56:15<1:37:38, 14.05s/it]
 44%|████▍     | 326/742 [56:28<1:35:13, 13.73s/it]
                                                   

 44%|████▍     | 326/742 [56:28<1:35:13, 13.73s/it]
 44%|████▍     | 327/742 [56:41<1:35:22, 13.79s/it]
                                                   

 44%|████▍     | 327/742 [56:41<1:35:22, 13.79s/it]
 44%|████▍     | 328/742 [56:56<1:36:30, 13.99s/it]
                                                   

 44%|████▍     | 328/742 [56:56<1:36:30, 13.99s/it]
 44%|████▍     | 329/742 [57:10<1:35:46, 13.91s/it]
                                                   

 44%|████▍     | 329/742 [57:10<1:35:46, 13.91s/it]
 44%|████▍     | 330/742 [57:24<1:37:23, 14.18s/it]
                                                   

 44%|████▍     | 330/742 [57:25<1:37:23, 14.18s/it]
 45%|████▍     | 331/742 [57:39<1:38:39, 14.40s/it]
                                                   

 45%|████▍     | 331/742 [57:39<1:38:39, 14.40s/it]
 45%|████▍     | 332/742 [57:52<1:35:10, 13.93s/it]
                                                   

 45%|████▍     | 332/742 [57:52<1:35:10, 13.93s/it]
 45%|████▍     | 333/742 [58:07<1:36:25, 14.15s/it]
                                                   

 45%|████▍     | 333/742 [58:07<1:36:25, 14.15s/it]
 45%|████▌     | 334/742 [58:20<1:34:40, 13.92s/it]
                                                   

 45%|████▌     | 334/742 [58:20<1:34:40, 13.92s/it]
 45%|████▌     | 335/742 [58:34<1:34:25, 13.92s/it]
                                                   

 45%|████▌     | 335/742 [58:34<1:34:25, 13.92s/it]
 45%|████▌     | 336/742 [58:48<1:34:31, 13.97s/it]
                                                   

 45%|████▌     | 336/742 [58:48<1:34:31, 13.97s/it]
 45%|████▌     | 337/742 [59:01<1:31:42, 13.59s/it]
                                                   

 45%|████▌     | 337/742 [59:01<1:31:42, 13.59s/it]
 46%|████▌     | 338/742 [59:15<1:31:26, 13.58s/it]
                                                   

 46%|████▌     | 338/742 [59:15<1:31:26, 13.58s/it]
 46%|████▌     | 339/742 [59:28<1:30:19, 13.45s/it]
                                                   

 46%|████▌     | 339/742 [59:28<1:30:19, 13.45s/it]
 46%|████▌     | 340/742 [59:43<1:33:38, 13.98s/it]
                                                   

 46%|████▌     | 340/742 [59:43<1:33:38, 13.98s/it]
 46%|████▌     | 341/742 [59:56<1:31:07, 13.64s/it]
                                                   

 46%|████▌     | 341/742 [59:56<1:31:07, 13.64s/it]
 46%|████▌     | 342/742 [1:00:09<1:31:05, 13.66s/it]
                                                     

 46%|████▌     | 342/742 [1:00:09<1:31:05, 13.66s/it]
 46%|████▌     | 343/742 [1:00:21<1:27:20, 13.13s/it]
                                                     

 46%|████▌     | 343/742 [1:00:21<1:27:20, 13.13s/it]
 46%|████▋     | 344/742 [1:00:34<1:26:56, 13.11s/it]
                                                     

 46%|████▋     | 344/742 [1:00:34<1:26:56, 13.11s/it]
 46%|████▋     | 345/742 [1:00:50<1:32:13, 13.94s/it]
                                                     

 46%|████▋     | 345/742 [1:00:50<1:32:13, 13.94s/it]
 47%|████▋     | 346/742 [1:01:05<1:32:48, 14.06s/it]
                                                     

 47%|████▋     | 346/742 [1:01:05<1:32:48, 14.06s/it]
 47%|████▋     | 347/742 [1:01:19<1:32:59, 14.13s/it]
                                                     

 47%|████▋     | 347/742 [1:01:19<1:32:59, 14.13s/it]
 47%|████▋     | 348/742 [1:01:32<1:30:31, 13.79s/it]
                                                     

 47%|████▋     | 348/742 [1:01:32<1:30:31, 13.79s/it]
 47%|████▋     | 349/742 [1:01:46<1:30:20, 13.79s/it]
                                                     

 47%|████▋     | 349/742 [1:01:46<1:30:20, 13.79s/it]
 47%|████▋     | 350/742 [1:01:59<1:29:37, 13.72s/it]
                                                     

 47%|████▋     | 350/742 [1:01:59<1:29:37, 13.72s/it]
 47%|████▋     | 351/742 [1:02:14<1:31:16, 14.01s/it]
                                                     

 47%|████▋     | 351/742 [1:02:14<1:31:16, 14.01s/it]
 47%|████▋     | 352/742 [1:02:26<1:27:27, 13.45s/it]
                                                     

 47%|████▋     | 352/742 [1:02:26<1:27:27, 13.45s/it]
 48%|████▊     | 353/742 [1:02:40<1:27:22, 13.48s/it]
                                                     

 48%|████▊     | 353/742 [1:02:40<1:27:22, 13.48s/it]
 48%|████▊     | 354/742 [1:02:53<1:27:22, 13.51s/it]
                                                     

 48%|████▊     | 354/742 [1:02:53<1:27:22, 13.51s/it]
 48%|████▊     | 355/742 [1:03:08<1:28:56, 13.79s/it]
                                                     

 48%|████▊     | 355/742 [1:03:08<1:28:56, 13.79s/it]
 48%|████▊     | 356/742 [1:03:20<1:26:27, 13.44s/it]
                                                     

 48%|████▊     | 356/742 [1:03:20<1:26:27, 13.44s/it]
 48%|████▊     | 357/742 [1:03:34<1:26:24, 13.47s/it]
                                                     

 48%|████▊     | 357/742 [1:03:34<1:26:24, 13.47s/it]
 48%|████▊     | 358/742 [1:03:47<1:25:46, 13.40s/it]
                                                     

 48%|████▊     | 358/742 [1:03:47<1:25:46, 13.40s/it]
 48%|████▊     | 359/742 [1:04:00<1:25:14, 13.35s/it]
                                                     

 48%|████▊     | 359/742 [1:04:00<1:25:14, 13.35s/it]
 49%|████▊     | 360/742 [1:04:13<1:24:34, 13.28s/it]
                                                     

 49%|████▊     | 360/742 [1:04:13<1:24:34, 13.28s/it]
 49%|████▊     | 361/742 [1:04:26<1:23:53, 13.21s/it]
                                                     

 49%|████▊     | 361/742 [1:04:26<1:23:53, 13.21s/it]
 49%|████▉     | 362/742 [1:04:39<1:22:04, 12.96s/it]
                                                     

 49%|████▉     | 362/742 [1:04:39<1:22:04, 12.96s/it]
 49%|████▉     | 363/742 [1:04:53<1:23:16, 13.18s/it]
                                                     

 49%|████▉     | 363/742 [1:04:53<1:23:16, 13.18s/it]
 49%|████▉     | 364/742 [1:05:05<1:22:13, 13.05s/it]
                                                     

 49%|████▉     | 364/742 [1:05:05<1:22:13, 13.05s/it]
 49%|████▉     | 365/742 [1:05:20<1:25:18, 13.58s/it]
                                                     

 49%|████▉     | 365/742 [1:05:20<1:25:18, 13.58s/it]
 49%|████▉     | 366/742 [1:05:35<1:28:21, 14.10s/it]
                                                     

 49%|████▉     | 366/742 [1:05:35<1:28:21, 14.10s/it]
 49%|████▉     | 367/742 [1:05:51<1:30:43, 14.52s/it]
                                                     

 49%|████▉     | 367/742 [1:05:51<1:30:43, 14.52s/it]
 50%|████▉     | 368/742 [1:06:04<1:27:49, 14.09s/it]
                                                     

 50%|████▉     | 368/742 [1:06:04<1:27:49, 14.09s/it]
 50%|████▉     | 369/742 [1:06:17<1:25:14, 13.71s/it]
                                                     

 50%|████▉     | 369/742 [1:06:17<1:25:14, 13.71s/it]
 50%|████▉     | 370/742 [1:06:31<1:26:10, 13.90s/it]
                                                     

 50%|████▉     | 370/742 [1:06:31<1:26:10, 13.90s/it]
 50%|█████     | 371/742 [1:06:46<1:26:59, 14.07s/it]
                                                     

 50%|█████     | 371/742 [1:06:46<1:26:59, 14.07s/it]
 50%|█████     | 372/742 [1:06:59<1:25:16, 13.83s/it]
                                                     

 50%|█████     | 372/742 [1:06:59<1:25:16, 13.83s/it]
 50%|█████     | 373/742 [1:07:12<1:22:59, 13.50s/it]
                                                     

 50%|█████     | 373/742 [1:07:12<1:22:59, 13.50s/it]
 50%|█████     | 374/742 [1:07:24<1:21:29, 13.29s/it]
                                                     

 50%|█████     | 374/742 [1:07:24<1:21:29, 13.29s/it]
 51%|█████     | 375/742 [1:07:38<1:21:01, 13.25s/it]
                                                     

 51%|█████     | 375/742 [1:07:38<1:21:01, 13.25s/it]
 51%|█████     | 376/742 [1:07:53<1:24:42, 13.89s/it]
                                                     

 51%|█████     | 376/742 [1:07:53<1:24:42, 13.89s/it]
 51%|█████     | 377/742 [1:08:06<1:22:46, 13.61s/it]
                                                     

 51%|█████     | 377/742 [1:08:06<1:22:46, 13.61s/it]
 51%|█████     | 378/742 [1:08:18<1:20:17, 13.23s/it]
                                                     

 51%|█████     | 378/742 [1:08:18<1:20:17, 13.23s/it]
 51%|█████     | 379/742 [1:08:33<1:23:02, 13.72s/it]
                                                     

 51%|█████     | 379/742 [1:08:33<1:23:02, 13.72s/it]
 51%|█████     | 380/742 [1:08:46<1:21:41, 13.54s/it]
                                                     

 51%|█████     | 380/742 [1:08:46<1:21:41, 13.54s/it]
 51%|█████▏    | 381/742 [1:09:00<1:21:34, 13.56s/it]
                                                     

 51%|█████▏    | 381/742 [1:09:00<1:21:34, 13.56s/it]
 51%|█████▏    | 382/742 [1:09:13<1:21:00, 13.50s/it]
                                                     

 51%|█████▏    | 382/742 [1:09:13<1:21:00, 13.50s/it]
 52%|█████▏    | 383/742 [1:09:26<1:19:17, 13.25s/it]
                                                     

 52%|█████▏    | 383/742 [1:09:26<1:19:17, 13.25s/it]
 52%|█████▏    | 384/742 [1:09:40<1:21:01, 13.58s/it]
                                                     

 52%|█████▏    | 384/742 [1:09:40<1:21:01, 13.58s/it]
 52%|█████▏    | 385/742 [1:09:54<1:21:14, 13.66s/it]
                                                     

 52%|█████▏    | 385/742 [1:09:54<1:21:14, 13.66s/it]
 52%|█████▏    | 386/742 [1:10:07<1:19:12, 13.35s/it]
                                                     

 52%|█████▏    | 386/742 [1:10:07<1:19:12, 13.35s/it]
 52%|█████▏    | 387/742 [1:10:20<1:18:19, 13.24s/it]
                                                     

 52%|█████▏    | 387/742 [1:10:20<1:18:19, 13.24s/it]
 52%|█████▏    | 388/742 [1:10:33<1:18:46, 13.35s/it]
                                                     

 52%|█████▏    | 388/742 [1:10:33<1:18:46, 13.35s/it]
 52%|█████▏    | 389/742 [1:10:46<1:17:20, 13.15s/it]
                                                     

 52%|█████▏    | 389/742 [1:10:46<1:17:20, 13.15s/it]
 53%|█████▎    | 390/742 [1:11:01<1:21:16, 13.85s/it]
                                                     

 53%|█████▎    | 390/742 [1:11:01<1:21:16, 13.85s/it]
 53%|█████▎    | 391/742 [1:11:15<1:19:52, 13.65s/it]
                                                     

 53%|█████▎    | 391/742 [1:11:15<1:19:52, 13.65s/it]
 53%|█████▎    | 392/742 [1:11:28<1:19:53, 13.69s/it]
                                                     

 53%|█████▎    | 392/742 [1:11:28<1:19:53, 13.69s/it]
 53%|█████▎    | 393/742 [1:11:43<1:20:39, 13.87s/it]
                                                     

 53%|█████▎    | 393/742 [1:11:43<1:20:39, 13.87s/it]
 53%|█████▎    | 394/742 [1:11:56<1:19:44, 13.75s/it]
                                                     

 53%|█████▎    | 394/742 [1:11:56<1:19:44, 13.75s/it]
 53%|█████▎    | 395/742 [1:12:09<1:17:23, 13.38s/it]
                                                     

 53%|█████▎    | 395/742 [1:12:09<1:17:23, 13.38s/it]
 53%|█████▎    | 396/742 [1:12:24<1:20:14, 13.92s/it]
                                                     

 53%|█████▎    | 396/742 [1:12:24<1:20:14, 13.92s/it]
 54%|█████▎    | 397/742 [1:12:37<1:19:15, 13.78s/it]
                                                     

 54%|█████▎    | 397/742 [1:12:37<1:19:15, 13.78s/it]
 54%|█████▎    | 398/742 [1:12:51<1:18:06, 13.62s/it]
                                                     

 54%|█████▎    | 398/742 [1:12:51<1:18:06, 13.62s/it]
 54%|█████▍    | 399/742 [1:13:04<1:17:39, 13.58s/it]
                                                     

 54%|█████▍    | 399/742 [1:13:04<1:17:39, 13.58s/it]
 54%|█████▍    | 400/742 [1:13:17<1:17:05, 13.52s/it]
                                                     

 54%|█████▍    | 400/742 [1:13:17<1:17:05, 13.52s/it]
 54%|█████▍    | 401/742 [1:13:32<1:17:49, 13.69s/it]
                                                     

 54%|█████▍    | 401/742 [1:13:32<1:17:49, 13.69s/it]
 54%|█████▍    | 402/742 [1:13:44<1:16:12, 13.45s/it]
                                                     

 54%|█████▍    | 402/742 [1:13:44<1:16:12, 13.45s/it]
 54%|█████▍    | 403/742 [1:13:58<1:16:07, 13.47s/it]
                                                     

 54%|█████▍    | 403/742 [1:13:58<1:16:07, 13.47s/it]
 54%|█████▍    | 404/742 [1:14:12<1:16:11, 13.53s/it]
                                                     

 54%|█████▍    | 404/742 [1:14:12<1:16:11, 13.53s/it]
 55%|█████▍    | 405/742 [1:14:25<1:16:12, 13.57s/it]
                                                     

 55%|█████▍    | 405/742 [1:14:25<1:16:12, 13.57s/it]
 55%|█████▍    | 406/742 [1:14:39<1:16:38, 13.69s/it]
                                                     

 55%|█████▍    | 406/742 [1:14:39<1:16:38, 13.69s/it]
 55%|█████▍    | 407/742 [1:14:54<1:17:49, 13.94s/it]
                                                     

 55%|█████▍    | 407/742 [1:14:54<1:17:49, 13.94s/it]
 55%|█████▍    | 408/742 [1:15:08<1:18:03, 14.02s/it]
                                                     

 55%|█████▍    | 408/742 [1:15:08<1:18:03, 14.02s/it]
 55%|█████▌    | 409/742 [1:15:21<1:16:48, 13.84s/it]
                                                     

 55%|█████▌    | 409/742 [1:15:21<1:16:48, 13.84s/it]
 55%|█████▌    | 410/742 [1:15:35<1:16:30, 13.83s/it]
                                                     

 55%|█████▌    | 410/742 [1:15:35<1:16:30, 13.83s/it]
 55%|█████▌    | 411/742 [1:15:48<1:14:27, 13.50s/it]
                                                     

 55%|█████▌    | 411/742 [1:15:48<1:14:27, 13.50s/it]
 56%|█████▌    | 412/742 [1:16:00<1:11:17, 12.96s/it]
                                                     

 56%|█████▌    | 412/742 [1:16:00<1:11:17, 12.96s/it]
 56%|█████▌    | 413/742 [1:16:14<1:13:15, 13.36s/it]
                                                     

 56%|█████▌    | 413/742 [1:16:14<1:13:15, 13.36s/it]
 56%|█████▌    | 414/742 [1:16:28<1:14:34, 13.64s/it]
                                                     

 56%|█████▌    | 414/742 [1:16:28<1:14:34, 13.64s/it]
 56%|█████▌    | 415/742 [1:16:41<1:13:06, 13.42s/it]
                                                     

 56%|█████▌    | 415/742 [1:16:41<1:13:06, 13.42s/it]
 56%|█████▌    | 416/742 [1:16:55<1:13:04, 13.45s/it]
                                                     

 56%|█████▌    | 416/742 [1:16:55<1:13:04, 13.45s/it]
 56%|█████▌    | 417/742 [1:17:09<1:14:59, 13.85s/it]
                                                     

 56%|█████▌    | 417/742 [1:17:09<1:14:59, 13.85s/it]
 56%|█████▋    | 418/742 [1:17:23<1:13:43, 13.65s/it]
                                                     

 56%|█████▋    | 418/742 [1:17:23<1:13:43, 13.65s/it]
 56%|█████▋    | 419/742 [1:17:35<1:11:48, 13.34s/it]
                                                     

 56%|█████▋    | 419/742 [1:17:35<1:11:48, 13.34s/it]
 57%|█████▋    | 420/742 [1:17:49<1:12:23, 13.49s/it]
                                                     

 57%|█████▋    | 420/742 [1:17:49<1:12:23, 13.49s/it]
 57%|█████▋    | 421/742 [1:18:02<1:11:29, 13.36s/it]
                                                     

 57%|█████▋    | 421/742 [1:18:02<1:11:29, 13.36s/it]
 57%|█████▋    | 422/742 [1:18:14<1:09:36, 13.05s/it]
                                                     

 57%|█████▋    | 422/742 [1:18:14<1:09:36, 13.05s/it]
 57%|█████▋    | 423/742 [1:18:27<1:08:10, 12.82s/it]
                                                     

 57%|█████▋    | 423/742 [1:18:27<1:08:10, 12.82s/it]
 57%|█████▋    | 424/742 [1:18:42<1:11:03, 13.41s/it]
                                                     

 57%|█████▋    | 424/742 [1:18:42<1:11:03, 13.41s/it]
 57%|█████▋    | 425/742 [1:18:56<1:11:47, 13.59s/it]
                                                     

 57%|█████▋    | 425/742 [1:18:56<1:11:47, 13.59s/it]
 57%|█████▋    | 426/742 [1:19:08<1:09:32, 13.20s/it]
                                                     

 57%|█████▋    | 426/742 [1:19:08<1:09:32, 13.20s/it]
 58%|█████▊    | 427/742 [1:19:22<1:10:09, 13.36s/it]
                                                     

 58%|█████▊    | 427/742 [1:19:22<1:10:09, 13.36s/it]
 58%|█████▊    | 428/742 [1:19:35<1:09:23, 13.26s/it]
                                                     

 58%|█████▊    | 428/742 [1:19:35<1:09:23, 13.26s/it]
 58%|█████▊    | 429/742 [1:19:50<1:12:13, 13.84s/it]
                                                     

 58%|█████▊    | 429/742 [1:19:50<1:12:13, 13.84s/it]
 58%|█████▊    | 430/742 [1:20:03<1:11:06, 13.67s/it]
                                                     

 58%|█████▊    | 430/742 [1:20:03<1:11:06, 13.67s/it]
 58%|█████▊    | 431/742 [1:20:16<1:09:58, 13.50s/it]
                                                     

 58%|█████▊    | 431/742 [1:20:16<1:09:58, 13.50s/it]
 58%|█████▊    | 432/742 [1:20:32<1:13:20, 14.20s/it]
                                                     

 58%|█████▊    | 432/742 [1:20:32<1:13:20, 14.20s/it]
 58%|█████▊    | 433/742 [1:20:46<1:13:08, 14.20s/it]
                                                     

 58%|█████▊    | 433/742 [1:20:46<1:13:08, 14.20s/it]
 58%|█████▊    | 434/742 [1:21:00<1:13:01, 14.23s/it]
                                                     

 58%|█████▊    | 434/742 [1:21:00<1:13:01, 14.23s/it]
 59%|█████▊    | 435/742 [1:21:15<1:12:42, 14.21s/it]
                                                     

 59%|█████▊    | 435/742 [1:21:15<1:12:42, 14.21s/it]
 59%|█████▉    | 436/742 [1:21:29<1:12:40, 14.25s/it]
                                                     

 59%|█████▉    | 436/742 [1:21:29<1:12:40, 14.25s/it]
 59%|█████▉    | 437/742 [1:21:44<1:12:53, 14.34s/it]
                                                     

 59%|█████▉    | 437/742 [1:21:44<1:12:53, 14.34s/it]
 59%|█████▉    | 438/742 [1:21:56<1:09:06, 13.64s/it]
                                                     

 59%|█████▉    | 438/742 [1:21:56<1:09:06, 13.64s/it]
 59%|█████▉    | 439/742 [1:22:09<1:08:37, 13.59s/it]
                                                     

 59%|█████▉    | 439/742 [1:22:09<1:08:37, 13.59s/it]
 59%|█████▉    | 440/742 [1:22:23<1:09:00, 13.71s/it]
                                                     

 59%|█████▉    | 440/742 [1:22:23<1:09:00, 13.71s/it]
 59%|█████▉    | 441/742 [1:22:38<1:10:11, 13.99s/it]
                                                     

 59%|█████▉    | 441/742 [1:22:38<1:10:11, 13.99s/it]
 60%|█████▉    | 442/742 [1:22:49<1:05:51, 13.17s/it]
                                                     

 60%|█████▉    | 442/742 [1:22:49<1:05:51, 13.17s/it]
 60%|█████▉    | 443/742 [1:23:06<1:10:48, 14.21s/it]
                                                     

 60%|█████▉    | 443/742 [1:23:06<1:10:48, 14.21s/it]
 60%|█████▉    | 444/742 [1:23:19<1:09:51, 14.07s/it]
                                                     

 60%|█████▉    | 444/742 [1:23:19<1:09:51, 14.07s/it]
 60%|█████▉    | 445/742 [1:23:31<1:06:33, 13.45s/it]
                                                     

 60%|█████▉    | 445/742 [1:23:31<1:06:33, 13.45s/it]
 60%|██████    | 446/742 [1:23:46<1:07:43, 13.73s/it]
                                                     

 60%|██████    | 446/742 [1:23:46<1:07:43, 13.73s/it]
 60%|██████    | 447/742 [1:24:01<1:10:03, 14.25s/it]
                                                     

 60%|██████    | 447/742 [1:24:01<1:10:03, 14.25s/it]
 60%|██████    | 448/742 [1:24:13<1:06:36, 13.59s/it]
                                                     

 60%|██████    | 448/742 [1:24:13<1:06:36, 13.59s/it]
 61%|██████    | 449/742 [1:24:27<1:06:30, 13.62s/it]
                                                     

 61%|██████    | 449/742 [1:24:27<1:06:30, 13.62s/it]
 61%|██████    | 450/742 [1:24:40<1:05:41, 13.50s/it]
                                                     

 61%|██████    | 450/742 [1:24:40<1:05:41, 13.50s/it]
 61%|██████    | 451/742 [1:24:53<1:04:12, 13.24s/it]
                                                     

 61%|██████    | 451/742 [1:24:53<1:04:12, 13.24s/it]
 61%|██████    | 452/742 [1:25:08<1:06:53, 13.84s/it]
                                                     

 61%|██████    | 452/742 [1:25:08<1:06:53, 13.84s/it]
 61%|██████    | 453/742 [1:25:22<1:07:25, 14.00s/it]
                                                     

 61%|██████    | 453/742 [1:25:22<1:07:25, 14.00s/it]
 61%|██████    | 454/742 [1:25:37<1:08:43, 14.32s/it]
                                                     

 61%|██████    | 454/742 [1:25:37<1:08:43, 14.32s/it]
 61%|██████▏   | 455/742 [1:25:52<1:08:11, 14.26s/it]
                                                     

 61%|██████▏   | 455/742 [1:25:52<1:08:11, 14.26s/it]
 61%|██████▏   | 456/742 [1:26:04<1:05:49, 13.81s/it]
                                                     

 61%|██████▏   | 456/742 [1:26:04<1:05:49, 13.81s/it]
 62%|██████▏   | 457/742 [1:26:19<1:06:43, 14.05s/it]
                                                     

 62%|██████▏   | 457/742 [1:26:19<1:06:43, 14.05s/it]
 62%|██████▏   | 458/742 [1:26:31<1:03:57, 13.51s/it]
                                                     

 62%|██████▏   | 458/742 [1:26:31<1:03:57, 13.51s/it]
 62%|██████▏   | 459/742 [1:26:46<1:04:55, 13.77s/it]
                                                     

 62%|██████▏   | 459/742 [1:26:46<1:04:55, 13.77s/it]
 62%|██████▏   | 460/742 [1:26:59<1:03:52, 13.59s/it]
                                                     

 62%|██████▏   | 460/742 [1:26:59<1:03:52, 13.59s/it]
 62%|██████▏   | 461/742 [1:27:14<1:05:24, 13.97s/it]
                                                     

 62%|██████▏   | 461/742 [1:27:14<1:05:24, 13.97s/it]
 62%|██████▏   | 462/742 [1:27:27<1:04:36, 13.84s/it]
                                                     

 62%|██████▏   | 462/742 [1:27:27<1:04:36, 13.84s/it]
 62%|██████▏   | 463/742 [1:27:41<1:04:58, 13.97s/it]
                                                     

 62%|██████▏   | 463/742 [1:27:41<1:04:58, 13.97s/it]
 63%|██████▎   | 464/742 [1:27:56<1:05:16, 14.09s/it]
                                                     

 63%|██████▎   | 464/742 [1:27:56<1:05:16, 14.09s/it]
 63%|██████▎   | 465/742 [1:28:10<1:05:48, 14.25s/it]
                                                     

 63%|██████▎   | 465/742 [1:28:10<1:05:48, 14.25s/it]
 63%|██████▎   | 466/742 [1:28:24<1:04:53, 14.11s/it]
                                                     

 63%|██████▎   | 466/742 [1:28:24<1:04:53, 14.11s/it]
 63%|██████▎   | 467/742 [1:28:37<1:03:07, 13.77s/it]
                                                     

 63%|██████▎   | 467/742 [1:28:37<1:03:07, 13.77s/it]
 63%|██████▎   | 468/742 [1:28:51<1:02:31, 13.69s/it]
                                                     

 63%|██████▎   | 468/742 [1:28:51<1:02:31, 13.69s/it]
 63%|██████▎   | 469/742 [1:29:04<1:01:45, 13.57s/it]
                                                     

 63%|██████▎   | 469/742 [1:29:04<1:01:45, 13.57s/it]
 63%|██████▎   | 470/742 [1:29:17<1:01:26, 13.55s/it]
                                                     

 63%|██████▎   | 470/742 [1:29:17<1:01:26, 13.55s/it]
 63%|██████▎   | 471/742 [1:29:32<1:02:16, 13.79s/it]
                                                     

 63%|██████▎   | 471/742 [1:29:32<1:02:16, 13.79s/it]
 64%|██████▎   | 472/742 [1:29:46<1:02:56, 13.99s/it]
                                                     

 64%|██████▎   | 472/742 [1:29:46<1:02:56, 13.99s/it]
 64%|██████▎   | 473/742 [1:30:01<1:04:01, 14.28s/it]
                                                     

 64%|██████▎   | 473/742 [1:30:01<1:04:01, 14.28s/it]
 64%|██████▍   | 474/742 [1:30:15<1:02:50, 14.07s/it]
                                                     

 64%|██████▍   | 474/742 [1:30:15<1:02:50, 14.07s/it]
 64%|██████▍   | 475/742 [1:30:30<1:03:46, 14.33s/it]
                                                     

 64%|██████▍   | 475/742 [1:30:30<1:03:46, 14.33s/it]
 64%|██████▍   | 476/742 [1:30:41<59:45, 13.48s/it]  
                                                   

 64%|██████▍   | 476/742 [1:30:41<59:45, 13.48s/it]
 64%|██████▍   | 477/742 [1:30:55<1:00:00, 13.59s/it]
                                                     

 64%|██████▍   | 477/742 [1:30:55<1:00:00, 13.59s/it]
 64%|██████▍   | 478/742 [1:31:09<1:00:31, 13.76s/it]
                                                     

 64%|██████▍   | 478/742 [1:31:09<1:00:31, 13.76s/it]
 65%|██████▍   | 479/742 [1:31:24<1:02:06, 14.17s/it]
                                                     

 65%|██████▍   | 479/742 [1:31:24<1:02:06, 14.17s/it]
 65%|██████▍   | 480/742 [1:31:37<59:56, 13.73s/it]  
                                                   

 65%|██████▍   | 480/742 [1:31:37<59:56, 13.73s/it]
 65%|██████▍   | 481/742 [1:31:51<1:00:36, 13.93s/it]
                                                     

 65%|██████▍   | 481/742 [1:31:51<1:00:36, 13.93s/it]
 65%|██████▍   | 482/742 [1:32:05<59:41, 13.77s/it]  
                                                   

 65%|██████▍   | 482/742 [1:32:05<59:41, 13.77s/it]
 65%|██████▌   | 483/742 [1:32:19<59:53, 13.88s/it]
                                                   

 65%|██████▌   | 483/742 [1:32:19<59:53, 13.88s/it]
 65%|██████▌   | 484/742 [1:32:34<1:00:45, 14.13s/it]
                                                     

 65%|██████▌   | 484/742 [1:32:34<1:00:45, 14.13s/it]
 65%|██████▌   | 485/742 [1:32:47<59:56, 14.00s/it]  
                                                   

 65%|██████▌   | 485/742 [1:32:47<59:56, 14.00s/it]
 65%|██████▌   | 486/742 [1:33:01<59:51, 14.03s/it]
                                                   

 65%|██████▌   | 486/742 [1:33:01<59:51, 14.03s/it]
 66%|██████▌   | 487/742 [1:33:15<59:00, 13.89s/it]
                                                   

 66%|██████▌   | 487/742 [1:33:15<59:00, 13.89s/it]
 66%|██████▌   | 488/742 [1:33:27<56:59, 13.46s/it]
                                                   

 66%|██████▌   | 488/742 [1:33:27<56:59, 13.46s/it]
 66%|██████▌   | 489/742 [1:33:41<56:32, 13.41s/it]
                                                   

 66%|██████▌   | 489/742 [1:33:41<56:32, 13.41s/it]
 66%|██████▌   | 490/742 [1:33:55<57:37, 13.72s/it]
                                                   

 66%|██████▌   | 490/742 [1:33:55<57:37, 13.72s/it]
 66%|██████▌   | 491/742 [1:34:10<58:12, 13.91s/it]
                                                   

 66%|██████▌   | 491/742 [1:34:10<58:12, 13.91s/it]
 66%|██████▋   | 492/742 [1:34:23<57:23, 13.77s/it]
                                                   

 66%|██████▋   | 492/742 [1:34:23<57:23, 13.77s/it]
 66%|██████▋   | 493/742 [1:34:36<56:32, 13.62s/it]
                                                   

 66%|██████▋   | 493/742 [1:34:36<56:32, 13.62s/it]
 67%|██████▋   | 494/742 [1:34:48<54:09, 13.10s/it]
                                                   

 67%|██████▋   | 494/742 [1:34:48<54:09, 13.10s/it]
 67%|██████▋   | 495/742 [1:35:00<52:57, 12.86s/it]
                                                   

 67%|██████▋   | 495/742 [1:35:00<52:57, 12.86s/it]
 67%|██████▋   | 496/742 [1:35:14<54:08, 13.21s/it]
                                                   

 67%|██████▋   | 496/742 [1:35:14<54:08, 13.21s/it]
 67%|██████▋   | 497/742 [1:35:29<55:09, 13.51s/it]
                                                   

 67%|██████▋   | 497/742 [1:35:29<55:09, 13.51s/it]
 67%|██████▋   | 498/742 [1:35:43<55:25, 13.63s/it]
                                                   

 67%|██████▋   | 498/742 [1:35:43<55:25, 13.63s/it]
 67%|██████▋   | 499/742 [1:35:56<54:39, 13.50s/it]
                                                   

 67%|██████▋   | 499/742 [1:35:56<54:39, 13.50s/it]
 67%|██████▋   | 500/742 [1:36:08<53:09, 13.18s/it]
                                                   

 67%|██████▋   | 500/742 [1:36:08<53:09, 13.18s/it]
 68%|██████▊   | 501/742 [1:36:23<54:31, 13.58s/it]
                                                   

 68%|██████▊   | 501/742 [1:36:23<54:31, 13.58s/it]
 68%|██████▊   | 502/742 [1:36:36<53:25, 13.36s/it]
                                                   

 68%|██████▊   | 502/742 [1:36:36<53:25, 13.36s/it]
 68%|██████▊   | 503/742 [1:36:49<53:11, 13.36s/it]
                                                   

 68%|██████▊   | 503/742 [1:36:49<53:11, 13.36s/it]
 68%|██████▊   | 504/742 [1:37:01<51:46, 13.05s/it]
                                                   

 68%|██████▊   | 504/742 [1:37:01<51:46, 13.05s/it]
 68%|██████▊   | 505/742 [1:37:16<53:35, 13.57s/it]
                                                   

 68%|██████▊   | 505/742 [1:37:16<53:35, 13.57s/it]
 68%|██████▊   | 506/742 [1:37:30<53:54, 13.71s/it]
                                                   

 68%|██████▊   | 506/742 [1:37:30<53:54, 13.71s/it]
 68%|██████▊   | 507/742 [1:37:42<51:40, 13.19s/it]
                                                   

 68%|██████▊   | 507/742 [1:37:42<51:40, 13.19s/it]
 68%|██████▊   | 508/742 [1:37:53<49:19, 12.65s/it]
                                                   

 68%|██████▊   | 508/742 [1:37:53<49:19, 12.65s/it]
 69%|██████▊   | 509/742 [1:38:06<48:31, 12.50s/it]
                                                   

 69%|██████▊   | 509/742 [1:38:06<48:31, 12.50s/it]
 69%|██████▊   | 510/742 [1:38:19<49:16, 12.75s/it]
                                                   

 69%|██████▊   | 510/742 [1:38:19<49:16, 12.75s/it]
 69%|██████▉   | 511/742 [1:38:33<50:39, 13.16s/it]
                                                   

 69%|██████▉   | 511/742 [1:38:33<50:39, 13.16s/it]
 69%|██████▉   | 512/742 [1:38:46<49:59, 13.04s/it]
                                                   

 69%|██████▉   | 512/742 [1:38:46<49:59, 13.04s/it]
 69%|██████▉   | 513/742 [1:38:59<50:29, 13.23s/it]
                                                   

 69%|██████▉   | 513/742 [1:38:59<50:29, 13.23s/it]
 69%|██████▉   | 514/742 [1:39:14<51:53, 13.65s/it]
                                                   

 69%|██████▉   | 514/742 [1:39:14<51:53, 13.65s/it]
 69%|██████▉   | 515/742 [1:39:26<49:23, 13.06s/it]
                                                   

 69%|██████▉   | 515/742 [1:39:26<49:23, 13.06s/it]
 70%|██████▉   | 516/742 [1:39:41<51:14, 13.60s/it]
                                                   

 70%|██████▉   | 516/742 [1:39:41<51:14, 13.60s/it]
 70%|██████▉   | 517/742 [1:39:56<52:43, 14.06s/it]
                                                   

 70%|██████▉   | 517/742 [1:39:56<52:43, 14.06s/it]
 70%|██████▉   | 518/742 [1:40:08<50:44, 13.59s/it]
                                                   

 70%|██████▉   | 518/742 [1:40:08<50:44, 13.59s/it]
 70%|██████▉   | 519/742 [1:40:21<49:36, 13.35s/it]
                                                   

 70%|██████▉   | 519/742 [1:40:21<49:36, 13.35s/it]
 70%|███████   | 520/742 [1:40:35<49:57, 13.50s/it]
                                                   

 70%|███████   | 520/742 [1:40:35<49:57, 13.50s/it]
 70%|███████   | 521/742 [1:40:48<49:19, 13.39s/it]
                                                   

 70%|███████   | 521/742 [1:40:48<49:19, 13.39s/it]
 70%|███████   | 522/742 [1:41:02<49:27, 13.49s/it]
                                                   

 70%|███████   | 522/742 [1:41:02<49:27, 13.49s/it]
 70%|███████   | 523/742 [1:41:16<49:53, 13.67s/it]
                                                   

 70%|███████   | 523/742 [1:41:16<49:53, 13.67s/it]
 71%|███████   | 524/742 [1:41:31<51:11, 14.09s/it]
                                                   

 71%|███████   | 524/742 [1:41:31<51:11, 14.09s/it]
 71%|███████   | 525/742 [1:41:43<49:10, 13.60s/it]
                                                   

 71%|███████   | 525/742 [1:41:43<49:10, 13.60s/it]
 71%|███████   | 526/742 [1:41:56<48:13, 13.40s/it]
                                                   

 71%|███████   | 526/742 [1:41:56<48:13, 13.40s/it]
 71%|███████   | 527/742 [1:42:11<49:31, 13.82s/it]
                                                   

 71%|███████   | 527/742 [1:42:11<49:31, 13.82s/it]
 71%|███████   | 528/742 [1:42:24<48:33, 13.62s/it]
                                                   

 71%|███████   | 528/742 [1:42:24<48:33, 13.62s/it]
 71%|███████▏  | 529/742 [1:42:38<48:01, 13.53s/it]
                                                   

 71%|███████▏  | 529/742 [1:42:38<48:01, 13.53s/it]
 71%|███████▏  | 530/742 [1:42:50<46:20, 13.12s/it]
                                                   

 71%|███████▏  | 530/742 [1:42:50<46:20, 13.12s/it]
 72%|███████▏  | 531/742 [1:43:03<46:40, 13.27s/it]
                                                   

 72%|███████▏  | 531/742 [1:43:03<46:40, 13.27s/it]
 72%|███████▏  | 532/742 [1:43:17<46:34, 13.31s/it]
                                                   

 72%|███████▏  | 532/742 [1:43:17<46:34, 13.31s/it]
 72%|███████▏  | 533/742 [1:43:31<47:02, 13.50s/it]
                                                   

 72%|███████▏  | 533/742 [1:43:31<47:02, 13.50s/it]
 72%|███████▏  | 534/742 [1:43:44<46:28, 13.40s/it]
                                                   

 72%|███████▏  | 534/742 [1:43:44<46:28, 13.40s/it]
 72%|███████▏  | 535/742 [1:43:59<47:36, 13.80s/it]
                                                   

 72%|███████▏  | 535/742 [1:43:59<47:36, 13.80s/it]
 72%|███████▏  | 536/742 [1:44:12<47:21, 13.79s/it]
                                                   

 72%|███████▏  | 536/742 [1:44:12<47:21, 13.79s/it]
 72%|███████▏  | 537/742 [1:44:25<46:18, 13.55s/it]
                                                   

 72%|███████▏  | 537/742 [1:44:25<46:18, 13.55s/it]
 73%|███████▎  | 538/742 [1:44:38<45:12, 13.30s/it]
                                                   

 73%|███████▎  | 538/742 [1:44:38<45:12, 13.30s/it]
 73%|███████▎  | 539/742 [1:44:50<43:46, 12.94s/it]
                                                   

 73%|███████▎  | 539/742 [1:44:50<43:46, 12.94s/it]
 73%|███████▎  | 540/742 [1:45:03<43:48, 13.01s/it]
                                                   

 73%|███████▎  | 540/742 [1:45:03<43:48, 13.01s/it]
 73%|███████▎  | 541/742 [1:45:16<43:37, 13.02s/it]
                                                   

 73%|███████▎  | 541/742 [1:45:16<43:37, 13.02s/it]
 73%|███████▎  | 542/742 [1:45:30<43:43, 13.12s/it]
                                                   

 73%|███████▎  | 542/742 [1:45:30<43:43, 13.12s/it]
 73%|███████▎  | 543/742 [1:45:44<44:08, 13.31s/it]
                                                   

 73%|███████▎  | 543/742 [1:45:44<44:08, 13.31s/it]
 73%|███████▎  | 544/742 [1:45:57<43:54, 13.30s/it]
                                                   

 73%|███████▎  | 544/742 [1:45:57<43:54, 13.30s/it]
 73%|███████▎  | 545/742 [1:46:10<43:35, 13.28s/it]
                                                   

 73%|███████▎  | 545/742 [1:46:10<43:35, 13.28s/it]
 74%|███████▎  | 546/742 [1:46:25<44:36, 13.66s/it]
                                                   

 74%|███████▎  | 546/742 [1:46:25<44:36, 13.66s/it]
 74%|███████▎  | 547/742 [1:46:36<42:34, 13.10s/it]
                                                   

 74%|███████▎  | 547/742 [1:46:36<42:34, 13.10s/it]
 74%|███████▍  | 548/742 [1:46:50<42:43, 13.21s/it]
                                                   

 74%|███████▍  | 548/742 [1:46:50<42:43, 13.21s/it]
 74%|███████▍  | 549/742 [1:47:01<40:49, 12.69s/it]
                                                   

 74%|███████▍  | 549/742 [1:47:01<40:49, 12.69s/it]
 74%|███████▍  | 550/742 [1:47:16<42:18, 13.22s/it]
                                                   

 74%|███████▍  | 550/742 [1:47:16<42:18, 13.22s/it]
 74%|███████▍  | 551/742 [1:47:31<43:33, 13.68s/it]
                                                   

 74%|███████▍  | 551/742 [1:47:31<43:33, 13.68s/it]
 74%|███████▍  | 552/742 [1:47:45<44:00, 13.90s/it]
                                                   

 74%|███████▍  | 552/742 [1:47:45<44:00, 13.90s/it]
 75%|███████▍  | 553/742 [1:48:00<45:11, 14.35s/it]
                                                   

 75%|███████▍  | 553/742 [1:48:00<45:11, 14.35s/it]
 75%|███████▍  | 554/742 [1:48:15<44:56, 14.34s/it]
                                                   

 75%|███████▍  | 554/742 [1:48:15<44:56, 14.34s/it]
 75%|███████▍  | 555/742 [1:48:28<43:55, 14.09s/it]
                                                   

 75%|███████▍  | 555/742 [1:48:28<43:55, 14.09s/it]
 75%|███████▍  | 556/742 [1:48:41<42:19, 13.65s/it]
                                                   

 75%|███████▍  | 556/742 [1:48:41<42:19, 13.65s/it]
 75%|███████▌  | 557/742 [1:48:55<42:48, 13.88s/it]
                                                   

 75%|███████▌  | 557/742 [1:48:55<42:48, 13.88s/it]
 75%|███████▌  | 558/742 [1:49:08<41:43, 13.61s/it]
                                                   

 75%|███████▌  | 558/742 [1:49:08<41:43, 13.61s/it]
 75%|███████▌  | 559/742 [1:49:20<40:11, 13.18s/it]
                                                   

 75%|███████▌  | 559/742 [1:49:20<40:11, 13.18s/it]
 75%|███████▌  | 560/742 [1:49:34<40:08, 13.24s/it]
                                                   

 75%|███████▌  | 560/742 [1:49:34<40:08, 13.24s/it]
 76%|███████▌  | 561/742 [1:49:47<39:53, 13.22s/it]
                                                   

 76%|███████▌  | 561/742 [1:49:47<39:53, 13.22s/it]
 76%|███████▌  | 562/742 [1:50:02<40:58, 13.66s/it]
                                                   

 76%|███████▌  | 562/742 [1:50:02<40:58, 13.66s/it]
 76%|███████▌  | 563/742 [1:50:16<41:11, 13.81s/it]
                                                   

 76%|███████▌  | 563/742 [1:50:16<41:11, 13.81s/it]
 76%|███████▌  | 564/742 [1:50:32<43:18, 14.60s/it]
                                                   

 76%|███████▌  | 564/742 [1:50:32<43:18, 14.60s/it]
 76%|███████▌  | 565/742 [1:50:46<41:57, 14.22s/it]
                                                   

 76%|███████▌  | 565/742 [1:50:46<41:57, 14.22s/it]
 76%|███████▋  | 566/742 [1:51:00<42:17, 14.42s/it]
                                                   

 76%|███████▋  | 566/742 [1:51:00<42:17, 14.42s/it]
 76%|███████▋  | 567/742 [1:51:15<42:33, 14.59s/it]
                                                   

 76%|███████▋  | 567/742 [1:51:15<42:33, 14.59s/it]
 77%|███████▋  | 568/742 [1:51:28<40:32, 13.98s/it]
                                                   

 77%|███████▋  | 568/742 [1:51:28<40:32, 13.98s/it]
 77%|███████▋  | 569/742 [1:51:42<40:06, 13.91s/it]
                                                   

 77%|███████▋  | 569/742 [1:51:42<40:06, 13.91s/it]
 77%|███████▋  | 570/742 [1:51:55<39:18, 13.71s/it]
                                                   

 77%|███████▋  | 570/742 [1:51:55<39:18, 13.71s/it]
 77%|███████▋  | 571/742 [1:52:08<38:30, 13.51s/it]
                                                   

 77%|███████▋  | 571/742 [1:52:08<38:30, 13.51s/it]
 77%|███████▋  | 572/742 [1:52:21<37:42, 13.31s/it]
                                                   

 77%|███████▋  | 572/742 [1:52:21<37:42, 13.31s/it]
 77%|███████▋  | 573/742 [1:52:34<37:17, 13.24s/it]
                                                   

 77%|███████▋  | 573/742 [1:52:34<37:17, 13.24s/it]
 77%|███████▋  | 574/742 [1:52:48<37:46, 13.49s/it]
                                                   

 77%|███████▋  | 574/742 [1:52:48<37:46, 13.49s/it]
 77%|███████▋  | 575/742 [1:53:01<36:57, 13.28s/it]
                                                   

 77%|███████▋  | 575/742 [1:53:01<36:57, 13.28s/it]
 78%|███████▊  | 576/742 [1:53:16<38:13, 13.82s/it]
                                                   

 78%|███████▊  | 576/742 [1:53:16<38:13, 13.82s/it]
 78%|███████▊  | 577/742 [1:53:30<37:56, 13.80s/it]
                                                   

 78%|███████▊  | 577/742 [1:53:30<37:56, 13.80s/it]
 78%|███████▊  | 578/742 [1:53:43<37:02, 13.55s/it]
                                                   

 78%|███████▊  | 578/742 [1:53:43<37:02, 13.55s/it]
 78%|███████▊  | 579/742 [1:53:55<35:59, 13.25s/it]
                                                   

 78%|███████▊  | 579/742 [1:53:55<35:59, 13.25s/it]
 78%|███████▊  | 580/742 [1:54:09<36:32, 13.53s/it]
                                                   

 78%|███████▊  | 580/742 [1:54:09<36:32, 13.53s/it]
 78%|███████▊  | 581/742 [1:54:22<36:00, 13.42s/it]
                                                   

 78%|███████▊  | 581/742 [1:54:22<36:00, 13.42s/it]
 78%|███████▊  | 582/742 [1:54:38<37:46, 14.16s/it]
                                                   

 78%|███████▊  | 582/742 [1:54:38<37:46, 14.16s/it]
 79%|███████▊  | 583/742 [1:54:51<35:58, 13.58s/it]
                                                   

 79%|███████▊  | 583/742 [1:54:51<35:58, 13.58s/it]
 79%|███████▊  | 584/742 [1:55:04<35:58, 13.66s/it]
                                                   

 79%|███████▊  | 584/742 [1:55:04<35:58, 13.66s/it]
 79%|███████▉  | 585/742 [1:55:18<35:53, 13.72s/it]
                                                   

 79%|███████▉  | 585/742 [1:55:18<35:53, 13.72s/it]
 79%|███████▉  | 586/742 [1:55:32<35:26, 13.63s/it]
                                                   

 79%|███████▉  | 586/742 [1:55:32<35:26, 13.63s/it]
 79%|███████▉  | 587/742 [1:55:46<36:03, 13.96s/it]
                                                   

 79%|███████▉  | 587/742 [1:55:46<36:03, 13.96s/it]
 79%|███████▉  | 588/742 [1:56:00<35:33, 13.85s/it]
                                                   

 79%|███████▉  | 588/742 [1:56:00<35:33, 13.85s/it]
 79%|███████▉  | 589/742 [1:56:14<35:16, 13.83s/it]
                                                   

 79%|███████▉  | 589/742 [1:56:14<35:16, 13.83s/it]
 80%|███████▉  | 590/742 [1:56:28<35:20, 13.95s/it]
                                                   

 80%|███████▉  | 590/742 [1:56:28<35:20, 13.95s/it]
 80%|███████▉  | 591/742 [1:56:41<33:59, 13.51s/it]
                                                   

 80%|███████▉  | 591/742 [1:56:41<33:59, 13.51s/it]
 80%|███████▉  | 592/742 [1:56:54<33:23, 13.35s/it]
                                                   

 80%|███████▉  | 592/742 [1:56:54<33:23, 13.35s/it]
 80%|███████▉  | 593/742 [1:57:09<34:58, 14.09s/it]
                                                   

 80%|███████▉  | 593/742 [1:57:09<34:58, 14.09s/it]
 80%|████████  | 594/742 [1:57:24<35:12, 14.28s/it]
                                                   

 80%|████████  | 594/742 [1:57:24<35:12, 14.28s/it]
 80%|████████  | 595/742 [1:57:38<35:04, 14.32s/it]
                                                   

 80%|████████  | 595/742 [1:57:38<35:04, 14.32s/it]
 80%|████████  | 596/742 [1:57:51<33:37, 13.82s/it]
                                                   

 80%|████████  | 596/742 [1:57:51<33:37, 13.82s/it]
 80%|████████  | 597/742 [1:58:04<32:46, 13.56s/it]
                                                   

 80%|████████  | 597/742 [1:58:04<32:46, 13.56s/it]
 81%|████████  | 598/742 [1:58:18<32:54, 13.71s/it]
                                                   

 81%|████████  | 598/742 [1:58:18<32:54, 13.71s/it]
 81%|████████  | 599/742 [1:58:33<33:49, 14.19s/it]
                                                   

 81%|████████  | 599/742 [1:58:33<33:49, 14.19s/it]
 81%|████████  | 600/742 [1:58:47<32:51, 13.88s/it]
                                                   

 81%|████████  | 600/742 [1:58:47<32:51, 13.88s/it]
 81%|████████  | 601/742 [1:59:00<32:13, 13.71s/it]
                                                   

 81%|████████  | 601/742 [1:59:00<32:13, 13.71s/it]
 81%|████████  | 602/742 [1:59:13<31:21, 13.44s/it]
                                                   

 81%|████████  | 602/742 [1:59:13<31:21, 13.44s/it]
 81%|████████▏ | 603/742 [1:59:26<31:11, 13.46s/it]
                                                   

 81%|████████▏ | 603/742 [1:59:26<31:11, 13.46s/it]
 81%|████████▏ | 604/742 [1:59:40<31:08, 13.54s/it]
                                                   

 81%|████████▏ | 604/742 [1:59:40<31:08, 13.54s/it]
 82%|████████▏ | 605/742 [1:59:53<30:49, 13.50s/it]
                                                   

 82%|████████▏ | 605/742 [1:59:53<30:49, 13.50s/it]
 82%|████████▏ | 606/742 [2:00:07<30:38, 13.52s/it]
                                                   

 82%|████████▏ | 606/742 [2:00:07<30:38, 13.52s/it]
 82%|████████▏ | 607/742 [2:00:20<30:20, 13.49s/it]
                                                   

 82%|████████▏ | 607/742 [2:00:20<30:20, 13.49s/it]
 82%|████████▏ | 608/742 [2:00:34<30:10, 13.51s/it]
                                                   

 82%|████████▏ | 608/742 [2:00:34<30:10, 13.51s/it]
 82%|████████▏ | 609/742 [2:00:49<30:57, 13.97s/it]
                                                   

 82%|████████▏ | 609/742 [2:00:49<30:57, 13.97s/it]
 82%|████████▏ | 610/742 [2:01:04<31:31, 14.33s/it]
                                                   

 82%|████████▏ | 610/742 [2:01:04<31:31, 14.33s/it]
 82%|████████▏ | 611/742 [2:01:19<31:27, 14.41s/it]
                                                   

 82%|████████▏ | 611/742 [2:01:19<31:27, 14.41s/it]
 82%|████████▏ | 612/742 [2:01:31<29:45, 13.74s/it]
                                                   

 82%|████████▏ | 612/742 [2:01:31<29:45, 13.74s/it]
 83%|████████▎ | 613/742 [2:01:45<30:00, 13.96s/it]
                                                   

 83%|████████▎ | 613/742 [2:01:45<30:00, 13.96s/it]
 83%|████████▎ | 614/742 [2:01:58<28:52, 13.53s/it]
                                                   

 83%|████████▎ | 614/742 [2:01:58<28:52, 13.53s/it]
 83%|████████▎ | 615/742 [2:02:13<29:44, 14.05s/it]
                                                   

 83%|████████▎ | 615/742 [2:02:13<29:44, 14.05s/it]
 83%|████████▎ | 616/742 [2:02:28<29:52, 14.23s/it]
                                                   

 83%|████████▎ | 616/742 [2:02:28<29:52, 14.23s/it]
 83%|████████▎ | 617/742 [2:02:41<28:46, 13.81s/it]
                                                   

 83%|████████▎ | 617/742 [2:02:41<28:46, 13.81s/it]
 83%|████████▎ | 618/742 [2:02:54<27:58, 13.53s/it]
                                                   

 83%|████████▎ | 618/742 [2:02:54<27:58, 13.53s/it]
 83%|████████▎ | 619/742 [2:03:07<27:50, 13.58s/it]
                                                   

 83%|████████▎ | 619/742 [2:03:07<27:50, 13.58s/it]
 84%|████████▎ | 620/742 [2:03:20<27:22, 13.46s/it]
                                                   

 84%|████████▎ | 620/742 [2:03:20<27:22, 13.46s/it]
 84%|████████▎ | 621/742 [2:03:36<28:14, 14.00s/it]
                                                   

 84%|████████▎ | 621/742 [2:03:36<28:14, 14.00s/it]
 84%|████████▍ | 622/742 [2:03:51<29:03, 14.53s/it]
                                                   

 84%|████████▍ | 622/742 [2:03:51<29:03, 14.53s/it]
 84%|████████▍ | 623/742 [2:04:06<29:06, 14.67s/it]
                                                   

 84%|████████▍ | 623/742 [2:04:06<29:06, 14.67s/it]
 84%|████████▍ | 624/742 [2:04:20<28:03, 14.26s/it]
                                                   

 84%|████████▍ | 624/742 [2:04:20<28:03, 14.26s/it]
 84%|████████▍ | 625/742 [2:04:33<27:04, 13.89s/it]
                                                   

 84%|████████▍ | 625/742 [2:04:33<27:04, 13.89s/it]
 84%|████████▍ | 626/742 [2:04:46<26:25, 13.67s/it]
                                                   

 84%|████████▍ | 626/742 [2:04:46<26:25, 13.67s/it]
 85%|████████▍ | 627/742 [2:04:58<25:27, 13.29s/it]
                                                   

 85%|████████▍ | 627/742 [2:04:58<25:27, 13.29s/it]
 85%|████████▍ | 628/742 [2:05:09<23:56, 12.60s/it]
                                                   

 85%|████████▍ | 628/742 [2:05:09<23:56, 12.60s/it]
 85%|████████▍ | 629/742 [2:05:18<21:15, 11.29s/it]
                                                   

 85%|████████▍ | 629/742 [2:05:18<21:15, 11.29s/it]
 85%|████████▍ | 630/742 [2:05:28<20:20, 10.90s/it]
                                                   

 85%|████████▍ | 630/742 [2:05:28<20:20, 10.90s/it]
 85%|████████▌ | 631/742 [2:05:38<19:45, 10.68s/it]
                                                   

 85%|████████▌ | 631/742 [2:05:38<19:45, 10.68s/it]
 85%|████████▌ | 632/742 [2:05:48<19:07, 10.43s/it]
                                                   

 85%|████████▌ | 632/742 [2:05:48<19:07, 10.43s/it]
 85%|████████▌ | 633/742 [2:05:57<18:33, 10.21s/it]
                                                   

 85%|████████▌ | 633/742 [2:05:57<18:33, 10.21s/it]
 85%|████████▌ | 634/742 [2:06:07<18:15, 10.15s/it]
                                                   

 85%|████████▌ | 634/742 [2:06:07<18:15, 10.15s/it]
 86%|████████▌ | 635/742 [2:06:17<17:38,  9.89s/it]
                                                   

 86%|████████▌ | 635/742 [2:06:17<17:38,  9.89s/it]
 86%|████████▌ | 636/742 [2:06:26<17:27,  9.88s/it]
                                                   

 86%|████████▌ | 636/742 [2:06:26<17:27,  9.88s/it]
 86%|████████▌ | 637/742 [2:06:37<17:26,  9.97s/it]
                                                   

 86%|████████▌ | 637/742 [2:06:37<17:26,  9.97s/it]
 86%|████████▌ | 638/742 [2:06:46<17:03,  9.84s/it]
                                                   

 86%|████████▌ | 638/742 [2:06:46<17:03,  9.84s/it]
 86%|████████▌ | 639/742 [2:06:56<16:53,  9.84s/it]
                                                   

 86%|████████▌ | 639/742 [2:06:56<16:53,  9.84s/it]
 86%|████████▋ | 640/742 [2:07:07<17:10, 10.10s/it]
                                                   

 86%|████████▋ | 640/742 [2:07:07<17:10, 10.10s/it]
 86%|████████▋ | 641/742 [2:07:16<16:50, 10.00s/it]
                                                   

 86%|████████▋ | 641/742 [2:07:16<16:50, 10.00s/it]
 87%|████████▋ | 642/742 [2:07:25<15:57,  9.58s/it]
                                                   

 87%|████████▋ | 642/742 [2:07:25<15:57,  9.58s/it]
 87%|████████▋ | 643/742 [2:07:37<17:05, 10.36s/it]
                                                   

 87%|████████▋ | 643/742 [2:07:37<17:05, 10.36s/it]
 87%|████████▋ | 644/742 [2:07:48<17:09, 10.51s/it]
                                                   

 87%|████████▋ | 644/742 [2:07:48<17:09, 10.51s/it]
 87%|████████▋ | 645/742 [2:07:58<16:52, 10.44s/it]
                                                   

 87%|████████▋ | 645/742 [2:07:58<16:52, 10.44s/it]
 87%|████████▋ | 646/742 [2:08:09<16:42, 10.45s/it]
                                                   

 87%|████████▋ | 646/742 [2:08:09<16:42, 10.45s/it]
 87%|████████▋ | 647/742 [2:08:19<16:15, 10.27s/it]
                                                   

 87%|████████▋ | 647/742 [2:08:19<16:15, 10.27s/it]
 87%|████████▋ | 648/742 [2:08:28<15:43, 10.03s/it]
                                                   

 87%|████████▋ | 648/742 [2:08:28<15:43, 10.03s/it]
 87%|████████▋ | 649/742 [2:08:39<15:58, 10.30s/it]
                                                   

 87%|████████▋ | 649/742 [2:08:39<15:58, 10.30s/it]
 88%|████████▊ | 650/742 [2:08:50<16:09, 10.54s/it]
                                                   

 88%|████████▊ | 650/742 [2:08:50<16:09, 10.54s/it]
 88%|████████▊ | 651/742 [2:09:00<15:41, 10.35s/it]
                                                   

 88%|████████▊ | 651/742 [2:09:00<15:41, 10.35s/it]
 88%|████████▊ | 652/742 [2:09:10<15:32, 10.37s/it]
                                                   

 88%|████████▊ | 652/742 [2:09:10<15:32, 10.37s/it]
 88%|████████▊ | 653/742 [2:09:20<15:09, 10.22s/it]
                                                   

 88%|████████▊ | 653/742 [2:09:20<15:09, 10.22s/it]
 88%|████████▊ | 654/742 [2:09:30<14:46, 10.07s/it]
                                                   

 88%|████████▊ | 654/742 [2:09:30<14:46, 10.07s/it]
 88%|████████▊ | 655/742 [2:09:39<13:58,  9.64s/it]
                                                   

 88%|████████▊ | 655/742 [2:09:39<13:58,  9.64s/it]
 88%|████████▊ | 656/742 [2:09:48<13:35,  9.48s/it]
                                                   

 88%|████████▊ | 656/742 [2:09:48<13:35,  9.48s/it]
 89%|████████▊ | 657/742 [2:09:58<13:44,  9.71s/it]
                                                   

 89%|████████▊ | 657/742 [2:09:58<13:44,  9.71s/it]
 89%|████████▊ | 658/742 [2:10:09<13:57,  9.97s/it]
                                                   

 89%|████████▊ | 658/742 [2:10:09<13:57,  9.97s/it]
 89%|████████▉ | 659/742 [2:10:18<13:32,  9.79s/it]
                                                   

 89%|████████▉ | 659/742 [2:10:18<13:32,  9.79s/it]
 89%|████████▉ | 660/742 [2:10:27<13:10,  9.64s/it]
                                                   

 89%|████████▉ | 660/742 [2:10:27<13:10,  9.64s/it]
 89%|████████▉ | 661/742 [2:10:39<13:49, 10.24s/it]
                                                   

 89%|████████▉ | 661/742 [2:10:39<13:49, 10.24s/it]
 89%|████████▉ | 662/742 [2:10:50<14:01, 10.52s/it]
                                                   

 89%|████████▉ | 662/742 [2:10:50<14:01, 10.52s/it]
 89%|████████▉ | 663/742 [2:11:00<13:37, 10.35s/it]
                                                   

 89%|████████▉ | 663/742 [2:11:00<13:37, 10.35s/it]
 89%|████████▉ | 664/742 [2:11:09<12:49,  9.87s/it]
                                                   

 89%|████████▉ | 664/742 [2:11:09<12:49,  9.87s/it]
 90%|████████▉ | 665/742 [2:11:19<12:37,  9.84s/it]
                                                   

 90%|████████▉ | 665/742 [2:11:19<12:37,  9.84s/it]
 90%|████████▉ | 666/742 [2:11:29<12:37,  9.97s/it]
                                                   

 90%|████████▉ | 666/742 [2:11:29<12:37,  9.97s/it]
 90%|████████▉ | 667/742 [2:11:40<13:00, 10.40s/it]
                                                   

 90%|████████▉ | 667/742 [2:11:40<13:00, 10.40s/it]
 90%|█████████ | 668/742 [2:11:51<12:55, 10.48s/it]
                                                   

 90%|█████████ | 668/742 [2:11:51<12:55, 10.48s/it]
 90%|█████████ | 669/742 [2:12:01<12:36, 10.37s/it]
                                                   

 90%|█████████ | 669/742 [2:12:01<12:36, 10.37s/it]
 90%|█████████ | 670/742 [2:12:10<11:48,  9.84s/it]
                                                   

 90%|█████████ | 670/742 [2:12:10<11:48,  9.84s/it]
 90%|█████████ | 671/742 [2:12:19<11:35,  9.80s/it]
                                                   

 90%|█████████ | 671/742 [2:12:19<11:35,  9.80s/it]
 91%|█████████ | 672/742 [2:12:29<11:18,  9.70s/it]
                                                   

 91%|█████████ | 672/742 [2:12:29<11:18,  9.70s/it]
 91%|█████████ | 673/742 [2:12:39<11:11,  9.73s/it]
                                                   

 91%|█████████ | 673/742 [2:12:39<11:11,  9.73s/it]
 91%|█████████ | 674/742 [2:12:48<10:56,  9.65s/it]
                                                   

 91%|█████████ | 674/742 [2:12:48<10:56,  9.65s/it]
 91%|█████████ | 675/742 [2:12:58<10:48,  9.67s/it]
                                                   

 91%|█████████ | 675/742 [2:12:58<10:48,  9.67s/it]
 91%|█████████ | 676/742 [2:13:07<10:32,  9.59s/it]
                                                   

 91%|█████████ | 676/742 [2:13:07<10:32,  9.59s/it]
 91%|█████████ | 677/742 [2:13:18<10:37,  9.81s/it]
                                                   

 91%|█████████ | 677/742 [2:13:18<10:37,  9.81s/it]
 91%|█████████▏| 678/742 [2:13:27<10:23,  9.74s/it]
                                                   

 91%|█████████▏| 678/742 [2:13:27<10:23,  9.74s/it]
 92%|█████████▏| 679/742 [2:13:38<10:36, 10.11s/it]
                                                   

 92%|█████████▏| 679/742 [2:13:38<10:36, 10.11s/it]
 92%|█████████▏| 680/742 [2:13:49<10:35, 10.25s/it]
                                                   

 92%|█████████▏| 680/742 [2:13:49<10:35, 10.25s/it]
 92%|█████████▏| 681/742 [2:13:58<10:07,  9.95s/it]
                                                   

 92%|█████████▏| 681/742 [2:13:58<10:07,  9.95s/it]
 92%|█████████▏| 682/742 [2:14:08<10:02, 10.04s/it]
                                                   

 92%|█████████▏| 682/742 [2:14:08<10:02, 10.04s/it]
 92%|█████████▏| 683/742 [2:14:17<09:34,  9.74s/it]
                                                   

 92%|█████████▏| 683/742 [2:14:17<09:34,  9.74s/it]
 92%|█████████▏| 684/742 [2:14:28<09:36,  9.94s/it]
                                                   

 92%|█████████▏| 684/742 [2:14:28<09:36,  9.94s/it]
 92%|█████████▏| 685/742 [2:14:38<09:28,  9.97s/it]
                                                   

 92%|█████████▏| 685/742 [2:14:38<09:28,  9.97s/it]
 92%|█████████▏| 686/742 [2:14:48<09:16,  9.95s/it]
                                                   

 92%|█████████▏| 686/742 [2:14:48<09:16,  9.95s/it]
 93%|█████████▎| 687/742 [2:14:59<09:26, 10.31s/it]
                                                   

 93%|█████████▎| 687/742 [2:14:59<09:26, 10.31s/it]
 93%|█████████▎| 688/742 [2:15:09<09:20, 10.37s/it]
                                                   

 93%|█████████▎| 688/742 [2:15:09<09:20, 10.37s/it]
 93%|█████████▎| 689/742 [2:15:18<08:47,  9.95s/it]
                                                   

 93%|█████████▎| 689/742 [2:15:18<08:47,  9.95s/it]
 93%|█████████▎| 690/742 [2:15:27<08:27,  9.76s/it]
                                                   

 93%|█████████▎| 690/742 [2:15:27<08:27,  9.76s/it]
 93%|█████████▎| 691/742 [2:15:38<08:27,  9.96s/it]
                                                   

 93%|█████████▎| 691/742 [2:15:38<08:27,  9.96s/it]
 93%|█████████▎| 692/742 [2:15:47<08:08,  9.77s/it]
                                                   

 93%|█████████▎| 692/742 [2:15:47<08:08,  9.77s/it]
 93%|█████████▎| 693/742 [2:15:57<07:59,  9.79s/it]
                                                   

 93%|█████████▎| 693/742 [2:15:57<07:59,  9.79s/it]
 94%|█████████▎| 694/742 [2:16:06<07:38,  9.55s/it]
                                                   

 94%|█████████▎| 694/742 [2:16:06<07:38,  9.55s/it]
 94%|█████████▎| 695/742 [2:16:15<07:25,  9.48s/it]
                                                   

 94%|█████████▎| 695/742 [2:16:15<07:25,  9.48s/it]
 94%|█████████▍| 696/742 [2:16:26<07:29,  9.77s/it]
                                                   

 94%|█████████▍| 696/742 [2:16:26<07:29,  9.77s/it]
 94%|█████████▍| 697/742 [2:16:37<07:32, 10.05s/it]
                                                   

 94%|█████████▍| 697/742 [2:16:37<07:32, 10.05s/it]
 94%|█████████▍| 698/742 [2:16:46<07:14,  9.87s/it]
                                                   

 94%|█████████▍| 698/742 [2:16:46<07:14,  9.87s/it]
 94%|█████████▍| 699/742 [2:16:55<06:56,  9.69s/it]
                                                   

 94%|█████████▍| 699/742 [2:16:55<06:56,  9.69s/it]
 94%|█████████▍| 700/742 [2:17:06<07:03, 10.09s/it]
                                                   

 94%|█████████▍| 700/742 [2:17:06<07:03, 10.09s/it]
 94%|█████████▍| 701/742 [2:17:17<06:55, 10.14s/it]
                                                   

 94%|█████████▍| 701/742 [2:17:17<06:55, 10.14s/it]
 95%|█████████▍| 702/742 [2:17:26<06:38,  9.97s/it]
                                                   

 95%|█████████▍| 702/742 [2:17:26<06:38,  9.97s/it]
 95%|█████████▍| 703/742 [2:17:37<06:36, 10.17s/it]
                                                   

 95%|█████████▍| 703/742 [2:17:37<06:36, 10.17s/it]
 95%|█████████▍| 704/742 [2:17:46<06:11,  9.78s/it]
                                                   

 95%|█████████▍| 704/742 [2:17:46<06:11,  9.78s/it]
 95%|█████████▌| 705/742 [2:17:54<05:47,  9.40s/it]
                                                   

 95%|█████████▌| 705/742 [2:17:54<05:47,  9.40s/it]
 95%|█████████▌| 706/742 [2:18:06<06:03, 10.09s/it]
                                                   

 95%|█████████▌| 706/742 [2:18:06<06:03, 10.09s/it]
 95%|█████████▌| 707/742 [2:18:17<06:06, 10.48s/it]
                                                   

 95%|█████████▌| 707/742 [2:18:17<06:06, 10.48s/it]
 95%|█████████▌| 708/742 [2:18:28<05:54, 10.44s/it]
                                                   

 95%|█████████▌| 708/742 [2:18:28<05:54, 10.44s/it]
 96%|█████████▌| 709/742 [2:18:37<05:34, 10.14s/it]
                                                   

 96%|█████████▌| 709/742 [2:18:37<05:34, 10.14s/it]
 96%|█████████▌| 710/742 [2:18:47<05:24, 10.15s/it]
                                                   

 96%|█████████▌| 710/742 [2:18:47<05:24, 10.15s/it]
 96%|█████████▌| 711/742 [2:18:58<05:18, 10.28s/it]
                                                   

 96%|█████████▌| 711/742 [2:18:58<05:18, 10.28s/it]
 96%|█████████▌| 712/742 [2:19:08<05:11, 10.38s/it]
                                                   

 96%|█████████▌| 712/742 [2:19:08<05:11, 10.38s/it]
 96%|█████████▌| 713/742 [2:19:18<04:55, 10.20s/it]
                                                   

 96%|█████████▌| 713/742 [2:19:18<04:55, 10.20s/it]
 96%|█████████▌| 714/742 [2:19:29<04:52, 10.46s/it]
                                                   

 96%|█████████▌| 714/742 [2:19:29<04:52, 10.46s/it]
 96%|█████████▋| 715/742 [2:19:39<04:35, 10.22s/it]
                                                   

 96%|█████████▋| 715/742 [2:19:39<04:35, 10.22s/it]
 96%|█████████▋| 716/742 [2:19:49<04:26, 10.27s/it]
                                                   

 96%|█████████▋| 716/742 [2:19:49<04:26, 10.27s/it]
 97%|█████████▋| 717/742 [2:20:01<04:29, 10.80s/it]
                                                   

 97%|█████████▋| 717/742 [2:20:01<04:29, 10.80s/it]
 97%|█████████▋| 718/742 [2:20:12<04:17, 10.73s/it]
                                                   

 97%|█████████▋| 718/742 [2:20:12<04:17, 10.73s/it]
 97%|█████████▋| 719/742 [2:20:21<03:56, 10.27s/it]
                                                   

 97%|█████████▋| 719/742 [2:20:21<03:56, 10.27s/it]
 97%|█████████▋| 720/742 [2:20:30<03:40, 10.01s/it]
                                                   

 97%|█████████▋| 720/742 [2:20:30<03:40, 10.01s/it]
 97%|█████████▋| 721/742 [2:20:40<03:27,  9.88s/it]
                                                   

 97%|█████████▋| 721/742 [2:20:40<03:27,  9.88s/it]
 97%|█████████▋| 722/742 [2:20:52<03:27, 10.36s/it]
                                                   

 97%|█████████▋| 722/742 [2:20:52<03:27, 10.36s/it]
 97%|█████████▋| 723/742 [2:21:01<03:13, 10.17s/it]
                                                   

 97%|█████████▋| 723/742 [2:21:01<03:13, 10.17s/it]
 98%|█████████▊| 724/742 [2:21:11<03:00, 10.04s/it]
                                                   

 98%|█████████▊| 724/742 [2:21:11<03:00, 10.04s/it]
 98%|█████████▊| 725/742 [2:21:20<02:46,  9.81s/it]
                                                   

 98%|█████████▊| 725/742 [2:21:20<02:46,  9.81s/it]
 98%|█████████▊| 726/742 [2:21:31<02:40, 10.01s/it]
                                                   

 98%|█████████▊| 726/742 [2:21:31<02:40, 10.01s/it]
 98%|█████████▊| 727/742 [2:21:41<02:29,  9.98s/it]
                                                   

 98%|█████████▊| 727/742 [2:21:41<02:29,  9.98s/it]
 98%|█████████▊| 728/742 [2:21:50<02:16,  9.75s/it]
                                                   

 98%|█████████▊| 728/742 [2:21:50<02:16,  9.75s/it]
 98%|█████████▊| 729/742 [2:22:01<02:11, 10.14s/it]
                                                   

 98%|█████████▊| 729/742 [2:22:01<02:11, 10.14s/it]
 98%|█████████▊| 730/742 [2:22:12<02:06, 10.52s/it]
                                                   

 98%|█████████▊| 730/742 [2:22:12<02:06, 10.52s/it]
 99%|█████████▊| 731/742 [2:22:20<01:47,  9.81s/it]
                                                   

 99%|█████████▊| 731/742 [2:22:20<01:47,  9.81s/it]
 99%|█████████▊| 732/742 [2:22:30<01:38,  9.81s/it]
                                                   

 99%|█████████▊| 732/742 [2:22:30<01:38,  9.81s/it]
 99%|█████████▉| 733/742 [2:22:42<01:32, 10.28s/it]
                                                   

 99%|█████████▉| 733/742 [2:22:42<01:32, 10.28s/it]
 99%|█████████▉| 734/742 [2:22:52<01:22, 10.30s/it]
                                                   

 99%|█████████▉| 734/742 [2:22:52<01:22, 10.30s/it]
 99%|█████████▉| 735/742 [2:23:02<01:11, 10.21s/it]
                                                   

 99%|█████████▉| 735/742 [2:23:02<01:11, 10.21s/it]
 99%|█████████▉| 736/742 [2:23:13<01:01, 10.32s/it]
                                                   

 99%|█████████▉| 736/742 [2:23:13<01:01, 10.32s/it]
 99%|█████████▉| 737/742 [2:23:23<00:51, 10.40s/it]
                                                   

 99%|█████████▉| 737/742 [2:23:23<00:51, 10.40s/it]
 99%|█████████▉| 738/742 [2:23:32<00:40, 10.04s/it]
                                                   

 99%|█████████▉| 738/742 [2:23:32<00:40, 10.04s/it]
100%|█████████▉| 739/742 [2:23:42<00:29,  9.84s/it]
                                                   

100%|█████████▉| 739/742 [2:23:42<00:29,  9.84s/it]
100%|█████████▉| 740/742 [2:23:51<00:19,  9.65s/it]
                                                   

100%|█████████▉| 740/742 [2:23:51<00:19,  9.65s/it]
100%|█████████▉| 741/742 [2:24:00<00:09,  9.54s/it]
                                                   

100%|█████████▉| 741/742 [2:24:00<00:09,  9.54s/it]
100%|██████████| 742/742 [2:24:09<00:00,  9.43s/it]
                                                   

100%|██████████| 742/742 [2:24:09<00:00,  9.43s/it]
                                                   

100%|██████████| 742/742 [2:24:09<00:00,  9.43s/it]
100%|██████████| 742/742 [2:24:09<00:00, 11.66s/it]
